Word,Meaning
affect,"v.假装,倾向,喜欢,影响"
modest,"adj.适中的,适量的,谦虚的"
temper,"v.缓和,调整 n.脾气"
algae,"n.藻类"
ballon,"v.激增 n.气球"
compelling,"adj.有吸引力的,令人信服的,强大的"
dispute,"v.争论,质疑 n.争论,纠纷"
striking,"adj.引人注目的,显著地"
thrust,"v.猛推,刺,插 n.插入,挤,主旨"
accessible,"adj.容易理解的,容易到达的,易获得的"
acquaintance,"n.了解,熟悉,认识的人,泛泛之交"
adequate,"adj.足够的,充分的,适当的,合格的"
affinity,"n.喜爱,亲和力,类同"
appreciate,"v.意识到,欣赏,感激,升值"
ascetic,"adj.清苦的,苦行的"
assume,"v.假设,承担,呈现"
block,"v.阻止"
climatic,"adj.气候的"
cluster,"v.聚集 n.簇,团,群"
compound,"v.加剧,恶化,混合"
compromise,"v.妥协,让步 n.妥协"
conviction,"n.信念,确,定罪"
crucial,"adj.至关重要的"
delicate,"adj.精美的,易碎的,敏锐的,微妙的"
discharge,"v.释放,排出,履行,解雇"
extravagant,"adj.过分的,挥霍的,过于昂贵的"
foreground,"n.突出的地位 v.强调,突出"
foster,"v.培育,抚养"
giant,"n.巨人 adj.巨大的"
gravity,"n.严肃 庄重,地心引力"
ignorance,"n.无知,愚昧"
involved,"adj.参与的,涉及的,复杂难懂的"
narrative,"n.记叙文,故事"
norm,"n.标准,规范"
perennial,"adj.长期的,常年的"
reflect,"v.反射,反映,思考"
shrink,"v.缩小,收缩,畏缩"
singular,"adj.非凡的,突出的,奇特的,异常的"
stringent,"adj.严格的,严厉的"
substantial,"adj.重大的,大量的"
subtle,"adj.微妙的,不明显的"
superior,"adj.优等的,更高级的"
suppress,"v.镇压,阻止,抑制"
tortoise,"n.龟,迟缓的人"
triumph,"n.成功,成就"
universal,"adj.普遍的"
utter,"v.表达,adj.完全的"
vehicle,"n.车辆,工具,手段,媒介"
vindicate,"v.证实,证明...无罪"
acclaim,"v.称赞,n.称誉,高度评价"
accommodate,"v.使适应,调解,提供所需,容纳"
accumulate,"v.积累"
adjust,"v.适应,习惯,调整"
adolescent,"n.青少年,adj.青春期的"
advent,"n.到来,出现"
alloy,"v.混合,n.混合物,合金"
alumina,"n.氧化铝"
ambiguous,"adj.有歧义的,模棱两可的"
ambivalent,"adj.犹豫不决的,矛盾的"
amendment,"n.修正,修正案"
analytical,"adj.分析的,解析的"
anomalous,"adj.异常的"
anthology,"n.选集"
anticipate,"v.预料,加速,使提前发生"
antithesis,"n.对立面"
appropriate,"v.私自挪用,盗用,adj.适合的"
archipelago,"n.群岛,列岛"
archive,"n.档案馆,v.把...存档"
aria,"n.咏叹调"
avant-garde,"n.先锋派"
badger,"v.纠缠,烦扰,n.獾"
betray,"v.背叛,流露,展现"
bias,"n.倾向,偏爱,偏见"
brood,"v.沉思,孵蛋,n.同窝幼鸟"
canon,"n.标准,准则,正典,真作"
champion,"v.捍卫,拥护,支持,n.捍卫者"
circumscribe,"v.限制"
clutch,"n.一窝蛋,一窝小年,离合器"
collapse,"v.坍塌,崩溃"
confound,"v.使困惑,证明有误"
confront,"v.面对,对抗"
considerable,"adj.重大的,相当多的"
contemporary,"adj.当代的,现代的,同时代的"
controversial,"adj.有争议的,引发争议的"
cosmic,"adj.宇宙的"
countenance,"n.面容,v.支持,赞同,容忍"
decisive,"adj.坚决的,果断的,决定性的,关键的"
designate,"v.指派,任命,命名"
despair,"n.绝望 v.绝望"
dialect,"n.方言"
dilemma,"n.窘境,困境"
disdain,"v.鄙视 n.鄙视"
dismiss,"v.解雇,驱逐,不考虑"
disposition,"n.倾向,性情,部署,排列"
dissent,"v.反对,不同意 n.不同意见,异议"
dwarf,"v.矮化,使相形见绌 adj.矮小的"
earthly,"adj.地球的,土地的,尘世的"
elaborate,"adj.精心策划的 v.精心制作,详尽阐述"
elusive,"adj.难抓住的,难理解的"
embrace,"v.拥抱,包含,包括,欣然接受"
employ,"v.雇用,使用,采用"
encompass,"v.包含,包括,包围,围绕"
enrich,"v.充实,丰富,使富裕"
enterprise,"n.企业,公司,开拓精神,困难的项目"
exalt,"v.提拔,提升,高度赞扬"
exclusive,"adj.独有的,占有的,排外的"
expertise,"n.专门知识,专门技能"
exploit,"v.开发,利用,剥削 n.英勇行为"
fierce,"adj.凶狠的,激烈的"
flair,"n.天赋,才华"
fluid,"adj.流动的,流畅的"
foliage,"n.叶子"
forbear,"v.忍住,克制"
forbidding,"adj.令人生畏的,冷峻的"
forge,"v.锻造,伪造"
forgo,"v.放弃,抛弃"
founder,"n.创始人 v.失败"
gaze,"v.凝视 n.凝视,注视"
graze,"v.吃草"
grid,"n.网格"
grip,"n.紧握,控制 v.紧握,吸引"
halt,"v.停止,中止"
hamper,"v.阻止,妨碍"
heir,"n.继承人"
immune,"adj.免疫的"
import,"n.重要性,进口,输入的产品 v.进口"
induce,"v.引起,劝说,诱导"
inimitable,"adj.无法效仿的"
initiate,"v.开始,发起,接纳,使加入"
jettison,"v.抛弃,放弃"
ludicrous,"adj.荒谬的,荒唐可笑的"
mandate,"v.命令,授权 n.授权"
manifest,"adj.明显的 v.显示"
marked,"adj.显著的,明显的"
mediocre,"adj.普通的,平庸的"
moderate,"adj.适当的,中等的 v.减轻,缓和"
obscure,"adj.晦涩难懂的,鲜为人知的 v.使模糊"
opaque,"adj.不透明的,难以理解的"
overwhelm,"v.淹没,彻底击败"
pellucid,"adj.清澈透明的,容易理解的"
plausible,"adj.看起来合理的,似是而非的"
pollinate,"v.授粉"
regular,"adj.定期的,有规律的,频繁的"
render,"v.使成为,致使,表达,表现,翻译"
repertoire,"n.全部剧目,全部才能"
resign,"v.辞职,放弃,听任,屈从于"
resolve,"v.解决 n.坚决,决心"
resume,"v.重新开始,继续 n.简历"
sacrifice,"v.牺牲,献出 n.牺牲"
salient,"adj.显著的,突出的"
sanction,"n.批准,制裁"
scant,"adj.缺乏的,不足的"
scarce,"adj.缺乏的,不足的"
sentimental,"adj.情感的,多愁善感的"
shed,"v.脱落,使掉下,投射 n.小屋"
shield,"v.保护,庇护 n.盾牌,保护"
simplicity,"n.简洁,朴素"
snap,"v.猛咬"
sound,"adj.健康的,可靠的,合理的"
spin,"v.旋转 n.旋转"
static,"adj.静止的,不变的"
steep,"adj.陡峭的,急剧的 v.浸泡,浸透"
stem,"v.阻止,抑制,来源于,由于 n.茎"
stereotype,"n.思维定势 v.刻板得对待"
stimulate,"v.激励,促使"
strip,"v.除去,剥去 n.连环画"
substitute,"v.替代,替换 n.替代品"
subvert,"v.颠覆,破坏"
successive,"adj.连续的,相继的"
succumb,"v.屈服,死亡"
surgeon,"n.外科医生"
sustain,"v.维持,支持,经受"
symptom,"n.症状"
synthesis,"n.综合,合成"
tangle,"v.纠缠,缠绕"
tendentious,"adj.有偏见的,有倾向性的"
terrestrial,"adj.地球的,陆地的"
testimony,"n.证词,证言"
thrill,"v.使激动,使兴奋 n.刺激,激动"
tilt,"v.倾斜 n.倾斜"
torpor,"n.懒散,迟钝"
tortuous,"adj.弯曲的,曲折的"
trace,"n.微量,踪迹 v.跟踪,追踪"
trait,"n.特征,特性"
tranquil,"adj.平静的"
transparent,"adj.透明的,易懂的"
trigger,"v.引发,促使"
trival,"adj.琐碎的,微不足道的,不重要的"
unwarranted,"adj.不合理的,无正当理由的"
unwitting,"adj.无意的"
uphold,"v.支持,维护"
urbane,"adj.温文尔雅的,彬彬有礼的"
utilitarian,"adj.实用主义的"
veil,"v.掩盖,掩饰 n.面纱,掩饰"
veto,"v.否决,否定 n.否定权,否决"
viable,"adj.切实可行的,能办到的"
visible,"adj.可见的"
visionary,"adj.有远见的,空想的"
vital,"adj.至关重要的,生机勃勃的"
volcanic,"adj.火山的"
vulnerable,"adj.脆弱的,易受伤害的"
warrant,"v.批准,认可"
watershed,"n.分水岭,转折点,重大事件"
wearisome,"adj.令人疲倦的,使人厌倦的"
wilt,"n.枯萎 v.枯萎,发蔫"
yield,"v.屈服,投降,产出 n.产出,产量"
abalone,"n.鲍鱼"
abandon,"v.放弃,放纵"
abiotic,"adj.非生物的"
abject,"adj.凄惨的,卑躬屈膝的"
abolish,"v.废除"
abound,"v.充满,大量存在"
absorbing,"adj.吸引人的"
abstract,"adj.抽象的 v.使分心,提取 n.摘要"
abuse,"v.滥用 n.滥用,辱骂,虐待"
accede,"v.同意,就任"
accelerate,"v.加速,加快"
accomplish,"v.完成,实现"
accustom,"v.使习惯,使适应"
acerbic,"adj.尖刻的"
acrimony,"n.尖刻,讥讽"
acumen,"n.精明"
acute,"adj.严重的,急性的,敏锐的,灵敏的"
adamant,"adj.坚决的"
adduce,"v.印证,举出"
adept,"adj.熟练的"
adhere,"v.粘附,附着,遵守"
admonish,"v.警告,责备,忠告,劝告"
adrenaline,"n.肾上腺素"
adversary,"n.对手"
aesthetic,"adj.美学的"
affirm,"v.证实,确认,坚称,断言"
afloat,"adj.漂浮的"
aggrandize,"v.增加,扩张,夸耀"
aggregate,"v.聚集 n.总数,合计 adj.总数的,总计的"
agitprop,"n.煽动宣传"
agrarian,"adj.土地的,农业的"
agreeable,"adj.令人愉悦的,欣然同意的,友善的"
airborne,"adj.空中传播的"
albeit,"con.j尽管"
alienate,"v.使疏远"
allege,"v.声称"
allegiance,"n.忠诚,效忠"
alleviate,"v.减轻,缓解"
allure,"v.诱惑, n.诱惑,吸引力"
ally,"n.同盟,盟友 v.与...结盟"
aluminum,"n.铝"
amalgam,"n.混合物"
amass,"v.积聚"
ammonia,"n.氨"
amnesia,"n.健忘症"
amorphous,"adj.无固定形状的"
amount,"n.数量"
ample,"adj.足够的,充足的"
analogous,"adj.类似的"
anatomy,"n.解剖,解剖学"
angular,"adj.角的,有角的"
animate,"adj.有活力的 v.使有生气,鼓励"
anionic,"adj.阴离子的"
anomaly,"n.反常,反常现象"
anonymous,"adj.匿名的,无个性特征的"
Antarctic,"n.南极洲,南极地区"
anthropogenic,"adj.认为的"
anthropology,"n.人类学"
antimatter,"n.反物质"
antiquated,"adj.陈旧的,过时的"
antithetical,"adj.对立的"
appetite,"n.口味,偏好"
appraise,"v.评价"
apt,"adj.倾向于做某事的"
aquatic,"adj.水生的"
arbitrary,"adj.武断的,随意的"
archaeology,"n.考古学"
arid,"adj.干旱的,无趣的"
aristocracy,"n.贵族"
arrest,"v.阻碍,阻止,逮捕,吸引"
articulate,"v.清晰表达 adj.表达清晰的"
artificial,"adj.人造的,人为的,假装的,不自然的"
ascribe,"v.归因于"
aspen,"n.白杨树"
assemble,"v.聚集,组装"
assert,"v.坚称,断言"
asset,"n.有价值的东西,资产"
assimilate,"v.吸收,同化"
assuage,"v.减轻"
asteroid,"n.小行星"
astounding,"adj.令人震惊的"
astronomical,"adj.天文的,极大的"
astute,"adj.精明的"
attest,"v.证明,证实"
attorney,"n.律师,代理人"
audacious,"adj.大胆的,放肆的"
auspicious,"adj.吉利的,幸运的"
authenticate,"v.鉴定"
authoritarian,"adj.专利的"
autonomy,"n.自治,独立自主"
avert,"v.转移,避免"
avid,"adj.贪婪地,急切的,热衷的,酷爱的"
awe,"n.敬畏 v.使敬畏"
awkward,"adj.笨拙的,缺乏技巧的,棘手的,不易处理的"
axis,"n.轴"
balk,"v.畏缩不前"
banal,"adj.平庸的,陈腐的"
baroque,"adj.豪华的,复杂的"
baseless,"adj.无根据的"
bauxite,"n.铝土矿"
bay,"n.海湾"
beaver,"n.海狸,河狸"
belie,"v.掩饰,与...不符,证明...的错误"
bemoan,"v.哀叹"
benevolent,"adj.仁慈的,慈善的"
bereave,"v.使...丧失,剥夺"
beset,"v.困扰"
bestow,"v.使用,授予"
bewilder,"v.使...迷惑"
binary,"adj.二进制的,二元的"
biodiversity,"n.生物多样性"
bishop,"n.主教"
bitter,"adj.痛苦的,猛烈的"
blur,"v.使模糊"
bog,"n.沼泽 v.陷入(沼泽或困难)"
boycott,"v.抵制"
brilliant,"adj.杰出的"
bronze,"n.青铜"
brute,"adj.粗暴的"
bump,"v.碰撞 n.隆起,肿块"
bypass,"v.避开"
canned,"adj.预先录制的"
canopy,"n.树冠,森林顶层"
capricious,"adj.善变的,反复无常的"
captious,"adj.吹毛求疵的"
capture,"v.获取,夺取"
catalog,"v.编目录,登记 n.目录"
catastrophe,"n.灾难"
celestial,"adj.天上的"
cellular,"adj.细胞的"
ceramic,"n.陶瓷"
cerebral,"adj.大脑的,理智的,智力的"
chagrin,"n.焦虑,悲痛"
chorus,"n.合唱队,合唱"
Christianity,"n.基督教"
chronicle,"n.编年史 v.按时间顺序记述"
chronological,"adj.按时间顺序的"
circumstantial,"adj.依照情况的,间接的,佐证的"
cleave,"v.坚持,粘住,劈开"
cling,"v.坚持"
clot,"v.凝固"
coax,"v.劝诱,哄骗"
cogent,"adj.有说服力的"
cognizant,"adj.认知的"
collaborate,"v.合作,协作"
collective,"adj.共同的,集体的"
collide,"v.碰撞,冲突"
combustion,"n.燃烧,骚动"
comet,"n.彗星"
comical,"adj.滑稽的"
comity,"n.友好,和谐"
commend,"v.称赞,委托,推荐"
commensurate,"adj.相称的"
commonplace,"n.普通,常见的事物,陈词滥调"
comparable,"adj.可比较的,相类似的"
compatible,"adj.兼容的,和谐共存的"
compensate,"v.补偿"
competing,"adj.相互矛盾的"
compile,"v.汇编,编写"
complement,"n.补充物 v.补充"
complicated,"adj.复杂的"
compliment,"n.恭维,称赞"
comprehensive,"adj.全面的,综合的"
compress,"v.压缩,缩短"
conceal,"v.隐藏,掩盖"
concede,"v.让步,承让"
conceivable,"adj.可以想象的,想象得到的"
concur,"v.同意,意见一致,同时发生"
condense,"v.浓缩,精简"
confer,"v.授予,商议"
confessional,"adj.告白的,忏悔的"
congenial,"adj.友善的,宜人的,意气相投的"
conjecture,"n.推测,猜测"
conjunction,"n.结合,联合"
consensus,"n.一致意见,共识"
consilience,"n.符合,一致"
conspicuous,"adj.显眼的,显著的"
consternation,"n.恐慌,不安,忧虑"
constrain,"v.强制,强迫,限制,限定"
construe,"v.理解,解释"
consummate,"adj.完美的 v.完成"
contain,"v.抑制,控制"
contend,"v.主张,声称,斗争,对付"
contentious,"adj.引起争议的,好争吵的"
contingent,"adj.依情况而定的"
contract,"n.合同 v.收缩,感染"
contrast,"n.对比,反差 v.对比,对照"
converge,"v.回汇集,汇聚"
convert,"v.转变,改变,皈依"
convey,"v.表达,传递,运送"
coordinate,"v.协调,调和 n.坐标"
coral,"n.珊瑚"
corrupt,"v.腐败,堕落 adj.腐败的,堕落的"
cortical,"adj.大脑皮层的"
cosmopolitan,"adj.国际性的,见多识广的"
counter,"v.反驳"
counterintuitive,"adj.违反直觉的"
crater,"n.陨石坑,火山口"
crystalline,"adj.晶体的"
cue,"n.线索"
cult,"n.狂热,崇拜"
cure-all,"n.万灵药"
cryptic,"adj.神秘的"
cursory,"adj.仓促的,匆忙的"
curtail,"v.缩减,限制"
cutaneous,"adj.皮肤的"
dabble,"v.涉猎,浅尝"
dampen,"v.抑制,削弱,弄湿"
daunting,"adj.使人畏惧的,使人胆怯的"
dearth,"n.缺乏"
debacle,"n.溃败"
decadent,"adj.堕落的,衰败的"
decay,"v.腐败,衰败 n.衰败"
decent,"adj.适当的,得体的"
deceptive,"adj.欺骗性的,"
decode,"v.破译,解读"
deduce,"v.推断"
deferential,"adj.恭敬的"
deforestation,"n.滥伐森林"
defy,"v.违抗,藐视"
degenerate,"v.退化,衰落,堕落"
degrade,"v.降低,贬低,恶化,分解,降解"
delegate,"n.代表,会议代表 v.委托,授权"
deleterious,"adj.有害的"
delight,"v.使高兴,喜欢 n.高兴"
delinquent,"adj.失职的 n.违法者"
demanding,"adj.苛求的,费力的"
depict,"v.描绘"
deplete,"v.大量减少,耗尽"
depress,"v.使降低,使减小,使沮丧"
derelict,"adj.被遗弃的,玩忽职守的"
derivative,"adj.衍生的,非原创的"
descent,"n.下降,衰落,血统,出身"
desirable,"adj.值得拥有的,令人满意的"
detached,"adj.客观的,公正的"
deter,"v.阻止,威慑"
deteriorate,"v.恶化,退化"
devastate,"v.毁灭"
devoid,"adj.缺乏的,没有的"
devolve,"v.下放(权利,责任),衰退,退化"
dextral,"adj.右手的,右旋的"
dichotomy,"n.矛盾,截然对立"
dictate,"v.命令,发号施令,决定,支配"
didactic,"adj.说教的"
diesel,"n.柴油"
diffuse,"ad允长的,啰嗦的,分散的 v.散布"
digit,"n.十进位,数字,指头,手指"
dilettante,"n.肤浅涉猎者,业余爱好者,一知半解者"
dilute,"v.稀释,淡化,削弱 adj.稀释的"
diminish,"v.减少,削弱"
dioxide,"n.二氧化物"
diplomatic,"adj.外交的,有手腕的"
dire,"adj.可怕的,迫切的"
disastrous,"adj.灾难性的"
discard,"v.抛弃"
discern,"v.察觉,辨识"
disciple,"n.弟子,徒弟"
discount,"v.打折,低估,贬低"
discrete,"adj.分离的,不相关的"
discretion,"n.自由决定权"
disinterested,"adj.无私的,公正的,无兴趣的,不关心的"
dismal,"adj.沮丧的,忧郁的,差劲的"
dispense,"v.分发,分配,摈弃,省掉"
disperse,"v.分散,驱散"
displace,"v.移置,替换,取代"
disprove,"v.反驳,证伪"
disregard,"v.忽视,漠视"
dissipate,"v.驱散,消失,浪费,挥霍"
dissolve,"v.溶解"
documentary,"adj.纪实的 n.纪录片"
doom,"n.厄运,劫数 v.注定,使在劫难逃"
dramatic,"adj.戏剧性的"
dual,"adj.双重的"
duplicate,"v.复制 adj.复制的"
ecclesiastical,"adj.教会的,基督教的"
echo,"n.回声 v.重复,模仿"
eclectic,"adj.多元化的"
eclipse,"v.使相形见绌 n.日蚀"
ecosystem,"n.生态系统"
egalitarian,"adj.平等主义的 n.平等主义者"
eject,"v.弹出,喷出,驱逐"
elicit,"v.引出"
eligible,"adj.有资格的,合格的,合意的,中意的"
elite,"n.精英"
elk,"n.麋鹿"
elliptical,"adj.隐晦的,椭圆的"
emblematic,"adj.象征的,标志的"
emulate,"v.模仿,努力赶超"
encase,"v.包裹住"
endanger,"v.危害"
endeavor,"v.努力 n.努力"
endow,"v.捐赠,资助,赋予"
engaging,"adj.迷人的,令人愉快的,"
envision,"v.想象,展望"
epic,"adj.史诗般的,宏大的"
episode,"n.情节,情况"
epistemology,"n.认识论"
epoch,"n.纪元,时代,时期"
equivalent,"adj.对应的,相等的 n.等价物"
erode,"v.侵蚀,腐蚀,削弱,损害"
erratic,"adj.不稳定的,古怪的"
escalate,"v.逐步增强,加剧"
esoteric,"adj.难懂的,深奥的"
esteem,"v.尊重,敬重, n.尊重,竞争"
ethanol,"n.乙醇,酒精"
exaggerate,"v.夸张,夸大"
exceptional,"adj.例外的,杰出的"
exert,"v.运用,施加"
exotic,"adj.来自异国的,迷人的,奇异的"
expedient,"adj.权宜的 n.权宜之计"
expel,"v.驱逐"
expire,"v.死亡,逝世,期满失效"
explicit,"adj.明确的"
exposition,"n.阐述"
external,"adj.外部的"
extraneous,"adj.无关的,外来的"
facade,"n.正面,假象"
facile,"adj.肤浅的,简单的"
fade,"v.褪色,变暗"
falter,"v.衰退,衰落,犹豫,畏缩"
fashion,"n.时尚 v.制作"
fault,"n.断层 v.挑错,批评"
feckless,"adj.软弱的,无能的,不负责任的"
feign,"v.假装"
fetter,"n.束缚"
fetus,"n.胎儿"
fickle,"adj.善变的,反复无常的"
fiction,"n.小说,虚构作品"
filter,"n.过滤器 v.过滤"
flaccid,"adj.软弱的,松弛的,不结实的"
flag,"v.衰落"
flagrant,"adj.骇人听闻的"
flamboyant,"adj.炫耀的,艳丽的"
flounder,"v.挣扎 n.比目鱼"
flourish,"v.繁荣,做夸张动作"
foray,"n.尝试,冒险,快速移动"
forestall,"v.预先阻止,领先"
forfeit,"v.丧失"
formulaic,"adj.公式化的,俗套的"
forsake,"v.抛弃"
forthright,"adj.直率的"
fortuitous,"adj.偶然的"
fractious,"adj.易怒的,难驾驭的"
fraught,"adj.忧虑的,充满的"
friction,"n.摩擦,摩擦力,冲突,不和"
fringe,"n.边缘,外围 adj.边缘的"
frivolous,"adj.不重要的,轻佻的"
frustrating,"adj.令人沮丧的"
fungus,"n.真菌"
galaxy,"n.星系,一群显赫的人"
galvanize,"v.激励"
garish,"adj.炫耀的"
garnish,"v.装饰"
gasoline,"n.汽油"
gauge,"n.测量仪器 v.衡量"
generic,"adj.普通的,通用的"
genial,"adj.和蔼的,友善的"
genius,"n.特征,本领,天赋,天才"
genre,"n.类型,体裁,风格"
genteel,"adj.有教养的,文雅的"
genus,"(动植物分类)属"
gild,"v.镀金"
glancing,"adj.倾斜的,间接的,附带的"
globular,"adj.球状的"
globule,"n.小球体"
glucose,"n.葡萄糖"
grandiose,"adj.宏伟的,壮丽的,浮夸的,华而不实的"
grant,"v.准予,承认"
gravel,"n.碎石,砂石"
gravitation,"n.重力,万有引力"
groan,"v.呻吟 n.呻吟声"
groove,"n.沟槽"
gullible,"adj.轻信的,容易上当的"
habitat,"n.栖息地"
hagiographic,"adj.过于奉承的,神圣化的"
haphazard,"adj.任意的,杂乱无章的"
harbor,"n.港口,庇护所 v.怀有"
haunt,"v.闹鬼,萦绕心头,经常去"
headway,"n.进步,进展"
hedge,"v.限制,阻碍,避免正面作答"
herbivore,"n.食草动物"
heritage,"n.遗产"
heroine,"n.女英雄,女主角"
histrionic,"adj.做作的"
hormone,"n.激素"
hortatory,"adj.劝告的"
hubris,"n.傲慢,自大"
hydrologic,"adj.水文的"
iconoclast,"n.反传统者,特立独行的人"
idealistic,"adj.理想主义的"
identify,"v.识别,确认"
ideology,"n.意识,形态,思想体系"
igneous,"adj.火成的"
imminent,"adj.即将来临的"
impact,"n.撞击,影响 v.撞击,影响"
impenetrable,"adj.无法理解的,无法渗透的"
imperative,"adj.至关重,强制的 n.义务"
imperious,"adj.专横的,紧迫的"
impoverish,"v.使贫穷,使枯竭"
impromptu,"adj.即兴的,无事先准备的"
improvise,"v.即兴而作,即兴表演"
imprudent,"adj.轻的,不谨慎的"
incense,"n.香味 v.焚香,激怒"
inclination,"n.倾向"
indignation,"n.愤慨"
indispensable,"adj.无可或缺的"
indolent,"adj.懒惰的"
inflame,"v.点燃,激起,加剧,恶化"
ingenuous,"adj.真诚的,坦率的"
innocuous,"adj.无害的,无意冒犯的"
inquisitive,"adj.好奇的,爱打听的"
insulate,"v.隔离,使绝缘"
integrity,"n.完整,正直"
intermediary,"adj.中间的,中介的 n.调解人,中介"
intervene,"v.介入,调解"
intimate,"v.暗示 adj.亲密的,密切的"
invigorate,"v.鼓舞,使振奋"
invoke,"v.援引,引用,祈求,请求"
irritate,"v.激怒,使恼怒"
isotope,"n.同位素"
jarring,"adj.刺耳的,震惊的"
jovial,"adj.欢乐的,愉快的"
judicious,"adj.明智的,有判断力的"
jumble,"v.使混杂,使混乱 n.混杂"
jungle,"n.丛林,混乱"
jurisdiction,"n.司法权,管辖权"
keen,"adj.敏锐的,热切的"
landslide,"n.压倒性优势的胜利,山崩"
largesse,"n.慷慨捐赠,捐款"
larva,"n.幼虫"
latitude,"n.纬度,自由权"
liable,"adj.易于...的,有义务的"
lighthearted,"adj.轻松愉快的,无忧无虑的"
like-minded,"adj.志趣相同的"
lionize,"v.崇拜,将...奉为名人"
list,"n.倾斜"
local,"n.场所,地点"
loose,"adj.松的,自由的,不受限制的"
loquacious,"adj.话多的,喋喋不休的"
lull,"n.平静时期,间歇 v.哄骗,使放松警惕"
maintain,"v.保持,坚称,认为"
malign,"adj.恶意的,有害的 v.诽谤"
malleable,"adj.易塑的,易受影响的"
mammal,"n.哺乳动物"
mammoth,"adj.巨大的 n.猛犸象"
manipulate,"v.操作,操纵"
marginal,"adj.边缘的,微小的,不重要的"
marvel,"v.对...感到惊讶 n.奇迹"
masterpiece,"n.杰作"
match,"v.与...相匹配 n.相匹配敌人"
materialize,"v.显现,出现"
maverick,"n.特立独行的人 adj.特立独行的"
meager,"adj.缺乏的,不足的"
meddle,"v.管闲事,干涉"
mediate,"v.调解,斡旋,影响...的发生"
memoir,"n.回忆录"
mercurial,"adj.善变的"
metamorphose,"v.彻底改变,变形"
metaphor,"n.暗喻"
mishandle,"v.错误地处理,对...处理不当"
misrepresent,"v.误述,不准确地描述"
mitigate,"v.减轻,缓和"
mobilize,"v.动员,调动"
modicum,"n.少量,一点点"
modulate,"v.调整,改变"
monolithic,"adj.单一的,巨大的"
monoxide,"n.一氧化物"
monsoon,"n.季风"
mood,"n.情绪,心情,态度,气氛,氛围"
motif,"n.主题,装饰图案"
motivate,"v.激励,驱使"
mundane,"adj.平凡的,普通的,尘世的,世俗的"
murky,"adj.昏暗的,浑浊的,晦涩难懂的"
mute,"adj.沉默的 v.使缓和"
myriad,"adj.极多的,各种各样的 n.无数,大量"
naivete,"n.天真,幼稚,质朴"
neutron,"n.中子"
noble,"adj.贵族的,高贵的,高尚的,崇高的"
nostalgia,"n.怀旧,怀念,思乡"
notion,"n.概念,观念"
nourish,"v.助长,促进"
noxious,"adj.有毒的,有害的,令人厌恶的"
nuance,"n.细微差别"
obsolete,"adj.过时的,淘汰的"
obtain,"v.获得,实现"
oceanic,"adj.海洋的"
odds,"n.几率"
odious,"adj.令人厌恶的,可憎的"
onset,"n.开始,进攻"
optimal,"adj.最佳的"
oscillate,"v.摆动,振动"
ostentatious,"adj.炫耀的"
outstrip,"v.超越,胜过"
override,"v.比...重要,凌驾,推翻,否决,不理会"
overshadow,"v.比...重要,使...相形见绌"
oversight,"n.疏忽,失察,监督,照顾"
overt,"adj.公开的,明显的"
overwrought,"adj.极度兴奋的,过度考究的"
paleontology,"n.古生物学"
panacea,"n.万能药"
panache,"n.派头,神气十足"
pandemic,"n.流行病 adj.大范围流行的"
parody,"n.拙劣的模仿"
passionate,"adj.充满激情的,狂热的"
passive,"adj.被动的,消极的"
patent,"n.专利权 adj.明显的 v.得到...的专利权"
pecuniary,"adj.金钱的"
peddle,"v.兜售,贩卖,宣传,散布"
penchant,"n.爱好,嗜好"
penetrate,"v.穿透,渗透,理解,领悟"
perfunctory,"adj.敷衍的,潦草的"
perish,"v.毁灭,死亡,暴死"
perplexing,"adj.令人困惑不解的"
persistent,"adj.持续存在的,坚持不懈的"
perturb,"v.扰乱,使不安"
photon,"n.光子"
photosynthesis,"n.光合作用"
pigment,"n.颜料,色彩 v.给...上颜料"
plague,"v.使烦恼,折磨 n.瘟疫,灾祸"
plasma,"n.等离子体"
plastic,"adj.可塑的,虚假的"
plateau,"n.高原"
poetry,"n.诗集,诗歌"
poignant,"adj.心酸的,令人痛苦的"
pointless,"adj.无意义的,无效的"
postulate,"v.假定,假设"
potency,"n.能力,权力,影响力"
potential,"adj.潜在的 n.潜力,潜质"
precursor,"n.先驱,前兆"
premium,"n.珍贵,额外费用,附加费"
prescribe,"v.规定,开处方"
pretense,"n.借口,虚假,虚伪"
pretentious,"adj.炫耀的,做作的"
prevalent,"adj.普遍的,流行的"
proclivity,"n.偏好,倾向"
prodigious,"adj.巨大的,惊人的"
proficient,"adj.精通的,熟练地"
prompt,"v.促使,推动 n.提示"
propitious,"adj.吉利的,有利的"
proponent,"n.支持者,拥护者"
proton,"n.质子"
prototype,"n.原型,样品,典范"
prowess,"n.高超的技艺,英勇无畏"
puncture,"v.削弱,使无效,刺穿"
Puritan,"n.清教徒"
qualify,"v.限定,使合格"
quantum,"n.量子"
quiescent,"adj.静止的,不活动的"
radical,"adj.激进的,根本的,重大的 n.根"
rage,"n.暴怒,狂怒 v.发怒,肆虐,盛行"
rarefied,"adj.稀薄的,深奥的"
rationale,"n.基本原理,理由"
rear,"v.抚养 adj.后面的,后部的"
reassure,"v.使...安心,打消疑虑"
rebound,"n.弹回 v.反弹"
reciprocate,"v.回报,交互,互给"
recollect,"v.想起,回忆起"
reconcile,"v.协调,调和"
recondite,"adj.晦涩难懂的"
recruit,"v.招募,招收"
redundant,"adj.多余的,过剩的"
reef,"n.暗礁"
refine,"v.改善,精炼"
refractory,"adj.桀骜不驯的,不服管教的"
refuge,"n.避难所"
refute,"v.驳斥,否定"
regime,"n.政权,政体,时间,范围"
rejoice,"v.感到高兴,喜悦"
relic,"n.遗迹"
relinquish,"v.放弃"
reluctant,"adj.勉强的,不情愿的"
remarkable,"adj.非凡的,不同寻常的"
remedy,"n.解决办法 v.纠正"
remnant,"n.残余,剩余部分"
renaissance,"n.复兴"
renowned,"adj.著名的"
replenish,"v.补充,重新装满"
replete,"adj.充满的"
replicate,"v.复制"
reprehensible,"adj.应受谴责的"
repress,"v.压制,抑制"
repudiate,"v.否定,驳斥"
requisite,"adj.必要的 n.必要条件,必须品"
resemble,"v.相似,类似"
reserved,"adj.矜持的,寡言少语的"
residual,"adj.残留的,剩余的"
resilient,"adj.有韧性的,有恢复力的"
resort,"n.度假胜地 v.诉诸,求助于"
resourceful,"adj.机智的,足智多谋的"
respective,"adj.分别的,各自的"
respire,"v.呼吸"
responsive,"adj.反应敏捷的,积极响应的"
restorative,"adj.恢复健康的,恢复活力的"
resurgence,"n.复兴,复苏"
retrieve,"v.取回,恢复,挽回"
retrospect,"n.回顾"
revelation,"n.揭露"
revile,"v.憎恨,谩骂"
revolt,"n.反叛,革命"
revolutionary,"adj.革命性的,重大变革的"
rhetoric,"n.浮夸之词,虚华辞藻"
rift,"n.裂口,分歧,严重不和"
rigorous,"adj.严格的,严谨的,一丝不苟的"
robust,"adj.强壮的,坚固的"
roost,"n.栖息处,鸟巢 v.栖息"
routine,"adj.常规的,惯例的"
row,"n.一排,街道 v.争吵"
rudimentary,"adj.根本的,基础的,初步的,初始的"
safeguard,"v.保护,捍卫 n.保护,保卫,安全措施"
salutary,"adj.有益的,有帮助的"
sanguine,"adj.乐观的"
sap,"v.消耗,削弱 n.健康,精力"
saturate,"v.浸透,充满,使饱和"
scatter,"v.分散,散播"
scenario,"n.设想,可能发生的情况"
scholarship,"n.学术研究"
secrete,"v.分泌"
secular,"adj.尘世的,世俗的"
sedentary,"adj.久坐的,定居的"
segregate,"v.隔离,分离"
seminal,"adj.创新的,影响深远的"
severity,"n.严重,严峻"
sham,"n.虚假,虚伪 adj.虚假的"
sheer,"adj.完全的,纯粹的"
shun,"v.刻意避开,回避"
simultaneous,"adj.同时发生的"
skeleton,"n.骨架,框架,纲要,梗概"
skeptical,"adj.怀疑的"
sketchy,"adj.粗略的,大概的"
slant,"n.观点,偏见 v.倾斜"
slight,"adj.微小的,微不足道的 v.轻视"
slippery,"adj.光滑的,狡猾的,棘手的"
sloth,"n.懒惰,懈怠,树懒"
sober,"adj.朴素的,严肃的,冷静的"
solidarity,"n.团结一致"
somber,"adj.灰暗的,单调的,忧伤的,阴郁的"
sophisticated,"adj.老练的,世故的,高级的,复杂的"
sovereignty,"n.主权,自主统治权"
spark,"v.触发,引发"
specious,"adj.虚假的"
spectrum,"n.光谱,范围"
speculate,"v.推测,猜测"
spike,"n.骤生,飙升"
spiral,"adj.螺旋的,旋转的"
split,"v.分离 分开 n.裂缝"
spoil,"v.糟蹋 破坏"
spur,"v.激励,促进"
spurious,"adj.虚假的,伪造的"
stable,"adj.稳定的,稳固不变的"
stagger,"v.使震惊,蹒跚"
stagnate,"v.停滞"
stace,"n.立场态度"
startle,"v.惊吓,使吓一跳"
stemma,"n.家谱,文本谱乐"
stifle,"v.遏制,压制,使窒息"
stipulate,"v.规定,明确要求"
stir,"v.激动,激发,搅动"
straightforward,"adj.直率的,坦诚的"
strand,"n.一股线 v.搁浅"
stratosphere,"n.同温层,平流层"
stratum,"n.层,地层,岩层"
strenuous,"adj.繁重的,艰苦的"
strident,"adj.刺耳的,尖锐的"
stubborn,"adj.倔强的,固执的"
stun,"v.使昏迷,使震惊"
stymie,"v.阻碍,妨碍"
submissive,"adj.恭顺的,服从的"
subsequent,"adj.随后的,后来的"
subservient,"adj.恭顺的,卑躬屈膝的"
substantiate,"v.证实"
succor,"n.救援,救助"
suffrage,"n.选举权"
sulfur,"n.硫"
superficial,"adj.表面的,肤浅的"
supernova,"n.超新星"
superposition,"n.叠加,强加"
supersede,"v.取代,替代"
supplant,"v.替代,取代"
supplement,"v.增补,补充"
supreme,"adj.最高的,至高无上的"
surmise,"n.猜测,推测 v.猜测,推测"
surmount,"v.克服,解决"
surpass,"v.超越,胜过"
surrender,"v.投降,屈服 n.投降,屈服,交出"
susceptible,"adj.易受影响的"
sway,"v.摇摆,影响,左右"
sweeping,"adj.彻底的,广泛的"
symbiosis,"n.共生,互惠"
symmetry,"n.对称,相称"
sympathetic,"adj.同情的"
syndrome,"n.综合症状"
synonymous,"adj.同义的"
syntax,"n.句式,语法"
taboo,"n.禁忌"
tactful,"adj.有分寸的,考虑周全的"
tactic,"n.策略,战术"
tangent,"adj.不相关的,离题的"
tangible,"adj.有形的,可触摸的"
tantalize,"v.挑逗,逗引"
tantamount,"adj.等同的"
tease,"v.嘲弄,嘲笑"
tectonics,"n.地址构造学"
tedious,"无味的,枯燥的"
temperate,"adj.温和的,适度的,有节制的"
tenacious,"adj.坚韧不拔的,执着的"
tenet,"n.原则"
tentative,"adj.试探性的,初步的"
tenuous,"adj.脆弱的,牵强的"
tenure,"n.任职,任期"
textile,"n.纺织品"
theatrical,"adj.戏剧性的,夸张的,演戏的"
thermal,"adj.热的,热量的"
thorough,"adj.全面的,彻底的"
threshold,"n.界限,阈值"
thrive,"v.繁荣,兴旺"
thwart,"v.阻挠,挫败"
tillite,"n.冰碛岩"
timber,"n.木材"
timely,"adj.及时的,适时的"
titanic,"adj.巨大的"
topple,"v.推翻,颠覆"
torpid,"adj.麻木迟钝的,缺乏活力的"
tout,"v.兜售,吹嘘,极力赞扬"
toxic,"adj.有毒的"
trajectory,"n.轨迹"
transcend,"v.超越"
transient,"adj.短暂的"
transitory,"adj.短暂的"
treasure,"n.珍宝 v.珍惜,珍爱"
tremendous,"adj.巨大的,惊人的"
trendy,"adj.时髦的"
trepidation,"n.惊恐,焦虑不安"
tribute,"n.颂词,献礼"
trifling,"adj.微不足道的,不重要的"
truculent,"adj.残暴的,好争斗的"
trumpet,"v.鼓吹,宣传 n.小号,喇叭"
tumult,"n.混乱,骚乱"
turbulent,"adj.混乱的,动荡的"
twig,"n.小树枝"
tyrant,"n.暴君"
ultraviolet,"adj.紫外线的"
unanimous,"adj.意见一致的,无异议的"
uncharacteristic,"adj.不典型的,反常的"
uncompromising,"adj.不妥协的,坚定的"
uncritical,"adj.不加辨别的,不加批判的"
undeniable,"adj.不可否认的,不可争议的"
undercut,"v.削弱"
underlie,"v.构成...的基础,成为...的原因"
undermine,"v.破坏,削弱"
underscore,"v.强调"
undo,"v.抵消,消除,解开"
unearth,"v.出土,揭露,发现"
uneven,"adj.不均衡的,不一致的"
unfathomable,"adj.难以理解的"
unflappable,"adj.镇定的,冷静的"
unfounded,"adj.无根据的"
unmistakable,"adj.确定无疑的,不会弄错的"
unorthodox,"adj.非正统的,非传统的"
unprecedented,"adj.空前的,史无前例的"
unqualified,"adj.不受限制的,完全的,不合格的"
unrelenting,"adj.持续的,不减弱的"
unrivaled,"adj.无可匹敌的"
upbeat,"adj.乐观的"
uprising,"n.起义,暴动"
urchin,"n.海胆"
urgent,"adj.紧急的,紧迫的"
usage,"n.对待方式"
usher,"v.引领"
utilize,"v.利用"
vaccinate,"v.接种疫苗"
vagary,"n.难以预测的变化"
vague,"adj.含糊的,不明确的"
valve,"n.阀门"
vandalism,"n.恶意破坏"
vanish,"v.消失,消亡"
vapid,"adj.空洞乏味的,枯燥的"
variation,"n.变动,变化"
velocity,"n.速度,速率"
venerate,"v.尊重,敬仰"
vent,"n.开口"
Venus,"n.金星"
verbose,"ad冗长的,啰嗦的"
verdict,"n.裁决,裁定"
verifiable,"adj.可证证实的,可核实的"
vernacular,"n.方言,土语"
versatile,"adj.多用途的,通用的,多才多艺的"
verse,"n.诗文 v.使熟练,使精通"
vessel,"n.容器,血管"
vestige,"n.遗迹,残余"
vibrant,"adj.充满活力的,色彩鲜丽的"
vicinity,"n.附近,邻近地区"
vigilant,"adj.警惕的,警觉的"
vigorous,"adj.活跃的,精力旺盛的"
violate,"v.违背,违反"
virtue,"n.优点,长处,美德"
volatile,"adj.易变的,反复无常的"
voluble,"adj.健谈的,滔滔不绝的"
voracious,"adj.贪婪的"
wane,"v.减少,降低,衰弱,月亏"
warble,"v.用颤音歌唱"
warbler,"n.莺,鸣禽"
wary,"adj.小心的,机警的"
wayward,"adj.任性的,难以捉摸的"
wealth,"n.大量,丰富"
weary,"adj.疲劳的,倦怠的"
weather,"v.经受,风化"
whimsical,"adj.异想天开的"
withdraw,"v.撤退,撤回"
withhold,"v.扣留,保留,不给予"
wrinkle,"n.皱褶,皱纹"
zealot,"n.狂热分子,极端分子"
zooplankton,"n.浮游动物"
abase,"v.降低(地位)"
abash,"v.使羞愧"
abate,"v.废除,减轻,减少"
aberrant,"adj.异常的"
abeyance,"n.搁置,中止"
abhor,"v.憎恶"
abjure,"v.正式放弃,拒绝,避免"
abnormal,"adj.异常的"
aboriginal,"adj.土著的,本土原有的"
aboveboard,"adj.光明正大的"
abreast,"adv.并排地,与...齐头并进地"
abridge,"v.缩减,缩短"
abstruse,"adj.深奥的,费解的"
abut,"v.毗连"
abysmal,"adj.深不可测的,糟透的"
accentuate,"v.强调"
accessory,"adj.附属的 n.附件"
acidic,"adj.酸性的"
acolyte,"n.助手,随从"
acoustic,"adj.声学的,听觉的"
acquiesce,"v.默许,服从"
acquisitive,"adj.贪婪的"
"ad hoc","adj.特别的,专设的"
ad-lib,"adj.即兴的"
addict,"n.瘾君子 v.使上瘾"
adjacent,"adj.附近的,毗连的"
adjudicate,"v.裁决"
adjunct,"n.附属物,附件,助手"
admirable,"adj.令人敬佩的"
adore,"v.崇拜,爱慕"
adulation,"n.过度吹捧"
advantageous,"adj.有利的"
adversarial,"adj.敌对的,对立的"
aerobes,"n.需气生物,需氧菌"
affable,"adj.和蔼可亲的"
affliction,"n.折磨人的事物"
affluent,"adj.丰富的,富裕的"
aggravate,"v.使恶化,恼怒"
agility,"n.敏捷"
agitate,"v.煽动,使焦虑"
ailment,"n.小病"
akin,"adj.类似的"
allude,"v.间接提到,暗指"
aloft,"adv.在空中"
aloof,"adj.远离的,冷漠的"
altruistic,"adj.无私的,利他的"
ameliorate,"v.改善"
amenable,"adj.顺从的"
amplify,"v.扩展,增强,扩大"
anachronistic,"adj.时代错误的,过时的"
anarchy,"n.无政府状态,混乱"
anathema,"n.令人厌恶的"
ancillary,"adj.附属的,辅助的"
anecdote,"n.轶事,趣闻"
animadversion,"n.批评,责难"
annihilate,"v.使消失,使毁灭"
annotate,"v.给...作注释"
antagonize,"v.引起敌意"
antebellum,"adj.战争前的"
antelope,"n.羚羊"
anthropomorphism,"n.拟人论,拟人观"
antidote,"n.解毒药,对抗手段"
antipathy,"n.反感,憎恶"
apathy,"n.冷漠"
apex,"n.顶点"
apocalyptic,"adj.末日的,夸张的"
apocryphal,"adj.可疑的,虚假的"
appall,"v.使惊骇"
appealing,"adj.有吸引力的"
appease,"v.抚慰,平息,缓解"
appendix,"n.阑尾,附录"
apprentice,"n.学徒 v.当学徒"
approbation,"n.赞同,认可"
arable,"adj.适合耕种的"
arboreal,"adj.树木的,树栖的"
arcane,"adj.神秘的,难懂的"
archaic,"adj.古代的,过时的"
archetype,"n.典范,典型"
arduous,"adj.困难的,艰苦的"
arouse,"v.唤醒,引起,激起"
artful,"adj.有手腕的,狡猾巧妙的"
artless,"adj.单纯的,朴实的"
asperity,"n.严厉,粗暴"
aspersion,"n.诽谤,中伤"
assail,"v.强烈抨击,指责"
assault,"n.攻击,抨击"
assent,"v.同意,赞成 n.同意,赞成"
assiduous,"adj.刻苦的,坚持不懈的"
astonish,"v.使惊讶"
astringent,"adj.严厉的,尖刻的"
attenuate,"v.削弱,降低"
attune,"v.使协调"
atypical,"adj.非典型的,异常的"
audible,"adj.能听到的"
augment,"v.增大,加强"
augur,"n.预言者 v.预言"
aura,"n.气氛"
austere,"adj.清苦的,苦行的,严肃的,严厉的,朴素的"
avaricious,"adj.贪婪的"
avenge,"v.报仇"
aver,"v.断言,坚持"
averse,"adj.反对的,不愿意的"
avian,"adj.鸟类的"
avow,"v.承认,宣布"
awash,"adj.充斥的,充满的"
awry,"adj.歪斜的adv.出错地"
axiomatic,"adj.公理的,不证自明的"
backfire,"v.事与愿违"
backwater,"n.停滞或落后的状态(或地方)"
baffle,"v.使困惑"
ballad,"n.民谣,叙事诗歌"
bane,"n.祸根,苦恼之源"
banish,"v.驱逐,清除,排除"
barbarous,"adj.粗野的,凶残的"
barrage,"n.强有力的,快速倾泻,火力网"
barren,"adj.贫瘠的,无效的,无结果的"
barring,"prep.除...之外"
beatify,"v.祝福,赞美"
bedrock,"n.基石,基础"
befuddle,"v.迷惑"
beget,"v.引起,导致"
belated,"adj.迟来的"
beleaguer,"v.使烦扰"
belligerent,"adj.好斗的,寻衅的"
bemuse,"v.使迷惑"
beneficent,"adj.慈善的,有益的"
benign,"adj.和善的,温和的,良性的,无害的"
bent,"adj.有决心的 n.倾向"
bequeath,"v.遗赠"
berate,"v.怒斥,严责"
bereft,"adj.丧失...的,缺少...的"
bighearted,"adj.慷慨的"
bison,"n.野牛"
bizarre,"adj.古怪的"
bland,"adj.温和的,乏味的,味道淡的"
bleak,"adj.忧郁的,暗淡的,贫瘠的,荒凉的"
blessing,"n.祝福,赞同,支持"
blight,"v.使损害 n.祸因"
bloom,"v.蓬勃发展 n.鲜花盛开"
blunder,"v.犯愚蠢错误 n.愚蠢错误"
blunt,"adj.钝的,直率的,直言不讳的"
boast,"v.自夸"
bolster,"v.支持,鼓舞"
bookish,"adj.书生气的,书呆子气的"
boom,"v.快速发展 n.激增,繁荣"
boon,"n.恩惠,福利"
bootless,"adj.无用的"
bourgeois,"adj.中产阶级的"
bout,"n.一阵,一场"
brackish,"adj.微咸的,味道不好的"
brake,"v.刹车,减速"
brash,"adj.仓促鲁莽的,自以为是的"
breach,"v.违反,打破"
brevity,"n.短暂,简洁"
bridle,"v.约束,限制"
brisk,"adj.活泼的,轻快的"
bristle,"v.发怒"
brittle,"adj.易碎的,不热心的"
brook,"v.容忍"
bucolic,"adj.乡村的"
budding,"adj.萌芽期的,刚起步的"
budge,"v.移动,使改变主意"
bulky,"adj.笨重的"
bumblebee,"n.大黄蜂"
burdensome,"adj.繁重的,难以负担的"
bureaucratic,"adj.官僚的,繁文缛节的"
burgeon,"v.迅速增强"
burlesque,"v.嘲弄讽刺性模仿,恶搞"
businesslike,"adj.务实有效的"
buttress,"v.支持,加强"
byword,"n.谚语,俗语,代名词"
Byzantine,"adj.错综复杂的"
cache,"n.藏匿物"
cachet,"n.威望"
cacophony,"n.刺耳的声音"
calcium,"n.钙"
calculated,"adj.有意的,蓄谋的"
callow,"adj.幼稚无经验的"
calorie,"n.卡路里"
calumniate,"v.诽谤,中伤"
camaraderie,"n.同志情谊,友情"
camouflage,"v.伪装,掩饰"
canal,"n.运河,食管,气管"
candid,"adj.坦诚的,真挚的"
canny,"adj.精明的,谨慎的"
capitulate,"v.投降,屈服"
captivate,"v.使入迷"
cardinal,"adj.最重要的,最主要的"
carefree,"adj.无忧无虑的"
caricature,"n.讽刺性描述 v.嘲弄性模仿"
carnivorous,"adj.食肉的"
cascade,"n.大簇的下垂物 v.倾泻"
castigate,"v.严厉批评,斥责"
catalyze,"v.促进,催化"
cataract,"n.白内障"
categorical,"adj.绝对的,确定无疑的,明确的"
cater,"v.满足,提供"
cathedral,"n.大教堂"
cathode,"n.阴极,负极"
catholic,"adj.广泛的,普遍的"
caustic,"adj.尖刻的,挖苦的"
cavalier,"adj.轻慢的,漫不经心的"
cede,"v.放弃,割让"
censor,"v.审查"
censure,"v.谴责 n.谴责"
census,"n.人口普查,人口统计"
centaur,"n.半人半马怪物"
cereal,"n.麦片,谷类食物"
cetacean,"n.鲸类动物"
chaotic,"adj.混乱的"
charisma,"n.个人魅力"
charlatan,"n.骗子"
chastise,"v.严厉批评"
check,"v.阻止"
chic,"adj.时髦的,雅致的"
chicanery,"n.欺骗,诡计"
childish,"adj.稚嫩的,孩子的,幼稚的"
chilling,"adj.令人恐惧的"
chimera,"n.妄想,幻想"
chivalrous,"adj.彬彬有礼的"
choke,"v.阻塞,堵塞"
choreograph,"v.精心编排"
chronic,"adj.慢性的,复发的"
churlish,"adj.粗鲁无礼的,坏脾气的"
circuitous,"adj.间接的,迂回的"
circumspect,"adj.谨慎的"
circumvent,"v.避开,规避"
civic,"adj.城市的,市民的"
clamorous,"adj.吵闹的"
clandestine,"adj.秘密的,私下的"
clear-cut,"adj.明确的,清晰的"
clergy,"n.教士,牧师"
cliche,"n.陈词滥调"
clinical,"adj.临床的,冷静客观的"
cloak,"v.掩盖"
clownish,"adj.小丑似的,滑稽的"
cloying,"adj.(因过多而)令人发腻的"
clumsy,"adj.笨拙的"
coalesce,"v.联合,合并"
codify,"v.编辑,整理"
coeval,"adj.同时代的"
coherent,"adj.连贯一致的"
cohesive,"adj.有聚合力的"
coinage,"n.造币,新词,新词创造"
collage,"n.拼贴画"
collected,"adj.镇定的,泰然自若的"
colloquial,"adj.口语的"
combative,"adj.好斗的"
comedian,"n.喜剧演员"
comestible,"adj.可食用的"
commandeer,"v.强占,强取"
commodious,"adj.宽敞的"
commotion,"n.喧闹,骚动,混乱"
commune,"n.群体,公社"
compartment,"v.分割,划分"
compass,"v.包围 n.指南针,罗盘"
compassionate,"adj.同情的"
compendium,"n.概略"
competent,"adj.有能力的,足够的"
complacent,"adj.自满的"
complexion,"n.面色,肤色,性质,特征"
comply,"v.服从,遵守"
comprehensible,"adj.可理解的"
comprise,"v.由...组成"
compulsory,"adj.强制性的,义务的"
compunction,"n.悔恨,愧疚"
concise,"adj.简洁的"
concoct,"v.编造,杜撰"
concord,"n.和谐,一致"
concrete,"adj.明确具体的,确实的"
condemn,"v.谴责"
condign,"adj.适当的,应得的"
condone,"v.容忍,纵容"
conducive,"adj.有利于...的,有益于...的"
confederacy,"n.联盟,联邦"
confine,"v.限制"
conflate,"v.合并,混合"
confluence,"n.汇集,汇合"
conform,"v.服从,与...一致"
congregate,"v.聚集"
congruent,"adj.全等的,一致的,相称的"
conifer,"n.针叶树"
conjure,"v.想象,想起,用魔术变出"
connoisseur,"n.行家,鉴赏家"
connote,"v.隐含,暗示,含言外之意"
conscientious,"adj.一丝不苟的,小心认真的"
conscious,"adj.意识到的"
consecutive,"adj.连续的,不间断的"
consequential,"adj.重大的,随之发生的"
conservative,"adj.保守的,守旧的"
considerate,"adj.考虑周全的,体贴的"
consign,"v.交付,委托"
consolidate,"v.合并,联合,加强,巩固"
conspire,"v.密谋,合谋"
constituent,"n.选民 adj.组成的"
constrict,"v.约束,限制,收缩"
contagious,"adj.传染的,有感染力的"
contaminate,"v.污染,弄脏"
contemplate,"v.沉思,考虑"
contiguous,"adj.毗连的,相连的"
contort,"v.扭曲,歪曲"
contradict,"v.反驳,否定,与...矛盾"
contrail,"n.航迹云"
conundrum,"n.复杂难解的问题"
convalesce,"v.康复"
conversant,"adj.熟悉的,精通的"
convoluted,"adj.复杂的,费解难懂的"
convulsion,"n.动乱"
copious,"adj.大量的,充足的,丰富的"
cordial,"adj.友好热情的,热烈的"
corollary,"n.推论,结果"
corona,"n.日冕,光环"
corporal,"adj.肉体的,身体的"
corresponding,"adj.相应的,一致的"
corroborate,"v.证实"
corrosive,"adj.腐蚀性的,有害的"
cortex,"n.皮层"
cosmetic,"adj.表面的,装点门面的 n.化妆品"
coterminous,"adj.毗连的,相连的"
counterbalance,"v.抵消,平衡"
counterfeit,"v.伪造,仿冒 adj.伪造的 n.伪造品"
counterpart,"n.对应的事物"
counterproductive,"adj.适得其反的,事与愿违的"
courteous,"adj.礼貌的,客气的"
covet,"v.贪求,渴望"
cow,"v.威胁,恐吓"
crab,"v.抱怨"
crafty,"adj.狡猾的,诡计多端的,灵巧的"
crass,"adj.愚钝的,无礼的,不为他人考虑的"
crate,"n.包装箱"
credulous,"adj.轻信的,易受骗的"
creed,"n.信条,原则"
criminality,"n.犯罪"
cronyism,"n.任人唯亲"
crumble,"v.崩溃,破碎"
cryogenic,"adj.冷冻的,低温的"
culinary,"adj.厨房的,烹饪的"
culminate,"v.达到顶点"
culpable,"adj.应受谴责的,难辞其咎的"
culprit,"n.罪犯,问题的根源"
cumbersome,"adj.笨重的"
curb,"v.限制,抑制"
cynic,"n.愤世嫉俗的人"
dated,"adj.过时的,落伍的"
dazzle,"v.使目眩,使眼花缭乱"
deadlock,"n.僵局"
debase,"v.贬低,贬值"
debilitate,"v.削弱"
debris,"n.碎片,残骸"
debunk,"v.拆穿,揭露为假"
debut,"n.初次登台"
decelerate,"v.减速,减缓"
decimate,"v.大量毁灭"
decipher,"v.破译"
declamatory,"adj.慷慨陈词的,雄辩的"
decompose,"v.分解,腐烂"
decorous,"adj.端庄得体的,符合礼仪的"
decouple,"v.脱离关系,使不相干"
decry,"v.公开谴责,抨击,反对"
defer,"v.服从,顺从,推迟"
defiant,"adj.违抗的,藐视的"
deflect,"v.转移,改变方向"
defraud,"v.诈骗钱财"
deft,"adj.熟练的,灵巧的"
dehydrate,"v.脱水"
deify,"v.把...神化,崇拜"
deign,"v.屈尊,俯就,降低身份"
deliberate,"v.深思熟虑,仔细考虑 adj.故意的,蓄意的,谨慎的,不慌不忙的"
delineate,"v.描述,阐明"
deluge,"n.洪水,泛滥 v.使充斥"
delve,"v.探究,钻研"
demarcate,"v.划定界限"
demean,"v.贬低,侮辱"
demise,"n.死亡,终止"
demography,"n.人口统计,人口统计学"
demolish,"v.彻底摧毁"
demote,"v.使降级"
demotic,"adj.通俗的,大众的"
demur,"v.反对,提出异议"
denigrate,"v.诽谤,污蔑,贬损"
denounce,"v.谴责"
deplore,"v.悲悼,哀叹,公开谴责"
deprave,"v.使堕落"
deprecate,"v.反对,贬低,轻视"
deprive,"v.剥夺,使丧失"
deride,"v.嘲笑,嘲弄,污蔑"
descend,"v.下降,传承"
despotic,"adj.专横的"
detain,"v.拘留,扣押,耽搁,阻止"
detest,"v.憎恶,厌恶"
detour,"n.绕行,弯路"
detrimental,"adj.有害的,不利的"
detritus,"n.残渣"
deviate,"v.偏离"
dexterous,"adj.灵巧的,熟练的"
diabetes,"n.糖尿病"
diatribe,"n.抨击,谴责"
dictum,"n.格言,宣言"
dilate,"v.扩张"
diligent,"adj.勤奋的"
diminutive,"adj.微小的"
dipole,"n.偶极子"
discreet,"adj.谨慎的,考虑周全的"
discrepant,"adj.矛盾的,有差异的"
discriminatory,"adj.歧视的,不公平的"
discursive,"adj.散漫离题的,不着边际的"
disgruntle,"v.使不高兴,使不满"
disguise,"v.掩饰"
dishearten,"v.使沮丧,使气馁"
disintegrate,"v.瓦解,破碎"
disjunction,"n.分离"
dismantle,"v.拆除,废除"
disorganize,"v.扰乱,混乱"
disparage,"v.贬低,轻视"
disparate,"adj.迥然不同的"
dispassionate,"adj.冷静的,客观公正的"
dispel,"v.驱散,消除"
disproportionate,"adj.不成比例的"
disquiet,"v.使不安,使焦虑 n.忧虑,烦恼"
disruptive,"adj.引起混乱的,破坏性的"
disseminate,"v.传播,散布"
distill,"v.蒸馏,提取"
distinctive,"adj.与众不同的,独特的"
distort,"v.扭曲,曲解"
distract,"v.使分心,转移(注意力)"
divergent,"adj.不同的,有分歧的"
divest,"v.剥夺,使丢弃"
divine,"adj.神圣的,上帝的"
divisive,"adj.引起分歧的,造成不和的"
divorced,"adj.脱离的"
divulge,"v.泄露,透露"
doctrinaire,"n.教条主义者 adj.教条主义的,脱离实际的,空谈理论的"
dogmatic,"adj.教条主义的"
domesticate,"v.驯化,"
dormant,"adj.静止的,休眠的"
dossier,"n.档案,卷宗"
dour,"adj.严厉的,阴郁的,固执的"
downplay,"v.轻描淡写,轻视"
downright,"adj.完全的,彻底的,十足的"
drab,"adj.单调乏味的"
draconian,"adj.严苛的"
drain,"v.排水,消耗"
drawback,"n.缺点,不利条件"
dread,"v.恐惧,忧虑不安 n.恐惧,令人恐惧的事物"
dubious,"adj.可疑的,不可靠的,拿不准的"
dull,"adj.枯燥无味的"
dupe,"n.易受骗的人,欺骗"
durable,"adj.持久的,耐用的"
dwell,"v.居住"
dwindle,"v.逐渐减少"
dynamite,"n.炸药"
dynamo,"n.发电机"
earnest,"adj.严肃认真的,真诚的"
easygoing,"adj.随和的,平和的"
eccentric,"adj.古怪的,异乎寻常的"
economy,"n.节约"
edible,"adj.可以食用的"
edify,"v.启发,熏陶,教化"
efficacious,"adj.有效的"
effusive,"adj.热情洋溢的"
elastic,"adj.弹性的,灵活的"
electorate,"n.全体选民"
electride,"n.电子化合物"
elementary,"adj.初级的,基本的"
elephantine,"adj.巨大的,笨重的"
eliminate,"v.排除,消灭"
ellipsoidal,"adj.椭圆的,椭圆形的"
eloquent,"adj.雄辩的,有口才的"
elucidate,"v.阐明"
emancipate,"v.解放,使不受束缚"
embargo,"n.贸易禁运"
embed,"v.嵌入"
embellish,"v.美化,装饰"
embody,"v.体现,使具体化"
embroider,"v.在...上刺绣,加以渲染"
embryonic,"adj.胚芽期的,初期的"
eminent,"adj.杰出的,非凡的"
empirical,"adj.经验主义的,以实验为依据的"
empower,"v.授权"
enact,"v.颁布,通过"
enchant,"v.使陶醉,使着迷"
encroach,"v.侵占,蚕食"
encumber,"v.妨碍,阻碍 使负担沉重"
endemic,"adj.地方性的,(某地)特有的"
endocrine,"adj.内分泌的"
endogamy,"adj.同族结婚,族内结婚"
endogenous,"adj.内源的"
endorse,"v.支持,认可"
enduring,"adj.持久的,耐久的"
enervate,"v.使衰弱"
engender,"v.导致,引发"
enigmatic,"adj.神秘的,难懂的"
enlighten,"v.启发,开导,阐明"
enliven,"v.使活跃,使更有生气"
enmity,"n.敌意,不和,仇恨"
enormous,"adj.庞大的,极大的"
enroll,"v.登记,注册"
ensemble,"n.整体,整体效果,乐团,合奏组"
ensue,"v.随即发生"
entail,"v.牵涉,使必要"
entangle,"v.卷入,使纠缠"
enthrall,"v.使入迷"
entice,"v.引诱,诱惑"
entrance,"v.使狂喜,使入迷 n.准许加入,进入许可,入口"
entrench,"v.巩固,牢固确立"
enzyme,"n.酶"
ephemeral,"adj.短暂的,瞬息的"
epidemic,"n.流行病 adj.流行的"
epilogue,"n.结语,尾声,后记"
epistolary,"adj.书信的"
epitome,"n.典型,典范"
equilibrium,"n.平衡,均衡,均势"
equivocal,"adj.模棱两可的,意义双关的"
eradicate,"v.根除,消灭"
erect,"adj.直立的,垂直的,竖直的 v.建立,建造"
errant,"adj.行为不端的,错误的"
erroneous,"adj.错误的"
erstwhile,"adj.之前的,过去的"
erudite,"adj.博学的"
eschew,"v.避开,回避"
espouse,"v.支持,拥护"
estrange,"v.使疏远"
eternal,"adj.永恒的,永久的"
ethereal,"adj.超凡的,优雅的"
ethical,"adj.道德的,伦理的"
ethnic,"adj.种族的,人种的"
ethnocentric,"adj.民族中心的,种族优越感"
ethos,"n.气质,理念"
eurasia,"n.欧亚大陆"
Eurasia,"n.欧亚大陆"
evanescent,"adj.稍纵即逝的"
evaporate,"v.蒸发,消失"
evasive,"adj.推脱的,推诿的"
evenhanded,"adj.公平的"
evince,"v.表明,表现"
evocative,"adj.唤起的,引起记忆的"
evolutionary,"adj.进化的,演变的"
exacerbate,"v.恶化,加固"
exacting,"adj.费劲的,需要付出很大努力的"
exasperate,"v.激怒,使恼怒"
excavate,"v.挖掘"
excrete,"v.排泄,排出"
exculpate,"v.开脱罪名"
exemplar,"n.模范,榜样"
exhilarate,"v.使兴奋,使激动"
exigent,"adj.紧迫的,苛求的"
exile,"v.流放,流亡"
exogamy,"n.外族通婚"
exogenous,"adj.外源的,外界产生的"
exonerate,"v.免除责任,宣布无罪"
exorbitant,"adj.过度的,过高的"
expedite,"v.加快,加速"
experimental,"adj.实验的"
explicate,"v.详细解释"
expurgate,"v.删除"
exquisite,"adj.精美的,精致的"
extant,"adj.现存的,仍然存在的"
extemporize,"v.即兴表演,即席发言"
extenuate,"v.减轻(罪行,过错)"
exterminate,"v.消灭,灭绝"
extinct,"adj.灭绝的"
extinguish,"v.熄灭,扑灭,毁灭,消灭"
extirpate,"v.根除,灭绝"
extol,"v.赞美,赞颂"
extraordinary,"adj.非凡的"
extrapolate,"v.推断"
extraterrestrial,"adj.地球外的"
exuberant,"adj.繁茂的,茂盛的,过度的,热情洋溢的,精力充沛的"
eye-catching,"adj.显著的,引人注目的"
fabricate,"v.伪造,捏造,生产,制造"
facet,"n.方面"
facetious,"adj.爱开玩笑的"
facilitate,"v.促进"
fallacious,"adj.谬误的"
falsify,"v.篡改,伪造"
famine,"n.饥荒"
fanciful,"adj.花哨的,不切实际的"
far-fetched,"adj.牵强附会的"
fastidious,"adj.挑剔的,一丝不苟的"
fatal,"adj.致命的,后果严重的"
fathom,"v.理解,弄清真相"
fatigue,"n.疲劳,劳累"
fatuous,"adj.愚蠢的"
fauna,"n.(某地区或某时期的)动物群"
fawn,"v.奉承"
fealty,"n.忠诚"
feasible,"adj.可行的"
feat,"n.功绩"
fecund,"adj.多产的,肥沃的,有创造力的"
feeble,"adj.虚弱的"
feedback,"n.反馈"
felicitous,"adj.恰当的,妥帖的,令人愉快的,幸福的"
feminism,"n.女权主义"
fern,"n.蕨类植物"
fertile,"adj.肥沃的,多产的"
fervent,"adj.热烈的"
fester,"v.化脓,溃烂,恶化"
fetid,"adj.恶臭的"
fictitious,"adj.虚假的"
fidelity,"n.忠诚,准确性"
fiery,"adj.热烈的,激情的,暴躁的"
figurative,"adj.比喻的"
finesse,"n.灵巧,策略"
finicky,"adj.过分讲究的"
fiscal,"adj.财政的"
fission,"n.裂变"
fissure,"n.缝隙"
flabbergast,"v.使大吃一惊"
flabby,"adj.松弛的,软弱的"
flattery,"n.谄媚"
flaunt,"v.炫耀"
fleeting,"adj.短暂的"
flighty,"adj.轻浮的,反复无常的"
flimsy,"adj.轻而薄的,脆弱的,站不住脚的"
flinch,"v.畏缩"
flip,"v.掷,弹,翻滚 adj.轻率的,无礼的"
flippant,"adj.轻率无礼的"
flipper,"n.鳍足"
flit,"v.掠过,轻快地飞"
flora,"n.植物群落"
florid,"adj.花哨的,过分装饰的"
flout,"v.鄙视,藐视"
fluctuate,"v.波动,摇摆不定"
flummery,"n.废话,假恭维"
flummox,"v.使困惑,使慌乱"
fluster,"v.使慌张,混乱"
foible,"n.小缺点"
foment,"v.煽动,挑起,激起"
forage,"n.草料 v.觅食"
forebear,"n.祖先"
forebode,"v.预示"
forerunner,"n.先驱"
foreshadow,"v.预示"
foresight,"n.远见"
formidable,"adj.可怕的,令人敬畏的,难对付的"
forswear,"v.发誓放弃"
forthcoming,"adj.即将到来的"
forthwith,"adv.立即地"
fortify,"v.筑防,巩固,加强"
forum,"n.论坛,讨论会"
fragile,"adj.脆弱的,易碎的"
fragmentary,"adj.碎片的,不完整的"
frail,"adj.脆弱的"
franchise,"n.选举权,特许经营权,特许经营机构 v.授予特许经销权"
frantic,"adj.狂躁的"
fraudulent,"adj.欺诈的"
free-for-all,"n.混战"
frenzy,"n.疯狂"
frigid,"adj.寒冷的,冷淡的"
frown,"v.皱眉"
frugal,"adj.节俭的"
fruitless,"adj.无成效的"
fuel,"v.提供燃料,支持,推动"
fulsome,"adj.过分恭维的"
fundamental,"adj.基本的,根本的"
fungible,"adj.可取代的"
furious,"adj.狂怒的,激烈的"
furnish,"v.提供"
furtive,"adj.鬼鬼祟祟的,偷偷摸摸的"
fury,"n.狂怒"
fusty,"adj.发霉的"
futile,"adj.无用的"
gaiety,"n.快乐"
gainsay,"v.否认"
gall,"n.厚颜无耻 v.激怒"
gambit,"n.策略 n.开场白"
gamete,"n.配子"
gargantuan,"adj.巨大的"
garment,"n.衣服,服装"
garner,"v.获得"
garrison,"n.要塞,营房"
garrulous,"adj.喋喋不休的"
genesis,"n.起源"
genetic,"adj.遗传的,起源的"
genuine,"adj.真诚的,真实的"
germane,"adj.有密切关系的"
germinate,"v.发芽,生长"
geyser,"n.间歇热泉"
giddy,"adj.眩晕的,轻浮的"
gigantic,"adj.巨大的"
gingerbread,"adj.过分装饰的,华而不实的"
girth,"n.(人或动物身体的)围长"
glamorous,"adj.有魅力的"
gland,"n.腺体"
gleam,"v.闪光"
glean,"v.收集"
glib,"adj.油腔滑调的"
gloat,"v.得意洋洋,幸灾乐祸"
gloomy,"adj.沮丧的,悲伤的"
glut,"v.供过于求"
glutton,"n.贪吃的人"
goad,"v.刺激,激励"
gossamer,"adj.轻飘飘的"
gouge,"v.欺诈,诈取"
gourmet,"n.美食家"
gradient,"n.斜坡,倾斜度,逐渐变化"
grandeur,"n.宏伟,壮观"
grandiloquent,"adj.言辞浮夸的,夸张的"
grandstand,"n.大看台 v.哗众取宠,卖弄"
gratify,"v.使满足,使高兴"
gravitate,"v.受吸引"
gregarious,"adj.群居的,爱社交的"
grimy,"adj.污垢的,肮脏的"
grotesque,"adj.怪诞的,荒谬的,丑陋的"
groundless,"adj.无根据的"
growl,"n.咆哮声 v.咆哮"
grudge,"n.怨恨,不满"
grumble,"v.抱怨,隆隆作响"
guild,"n.协会,同业公会"
guile,"n.奸诈,欺诈"
guppy,"n.古比鱼,孔雀鱼"
hackneyed,"adj.陈腐的"
hail,"v.称赞 来自 n.冰雹"
halcyon,"adj.平静的,幸福的"
half-formulated,"adj.新兴的,半成的"
halfhearted,"adj.不热心的,不认真的"
hallmark,"n.特点,标志"
hallow,"v.把...奉为神圣,崇拜"
hallucination,"n.幻觉,幻象"
hamster,"n.仓鼠"
hamstring,"v.使无能为力"
handedness,"n.用手习惯,旋向性"
handicap,"v.妨碍 n.不利条件,残疾"
harangue,"n.训斥,高谈阔论,长篇大论 v.抨击"
harass,"v.烦扰"
harbinger,"n.预言者,先驱,预兆"
hard-boiled,"adj.不动感情的"
hard-nosed,"adj.顽固的,精明务实的"
hard-pressed,"adj.窘迫的,处于困境的"
hardy,"adj.勇敢的,顽强的"
harmonious,"adj.和谐的,融洽的"
harness,"v.利用"
harrow,"v.使苦恼"
hasten,"v.加快,加速"
hasty,"adj.仓促的,匆忙草率的"
hatred,"n.憎恨,敌意"
haughty,"adj.傲慢的,自大的"
hauteur,"n.傲慢,自大"
haven,"n.避风港,安全场所"
havoc,"n.大破坏,大混乱"
hazardous,"adj.有危害的,有危险的"
headlong,"adv.轻率地 adj.草率的"
hearten,"v.使振作,鼓舞"
heartfelt,"adj.衷心的,诚挚的"
heartless,"adj.残忍的,无情的"
hectic,"adj.忙碌的"
heinous,"adj.十恶不赦的"
helix,"n.螺旋形"
herbivorous,"adj.食草的"
Herculean,"adj.巨大的,艰巨的"
herd,"n.牲畜群,兽群"
heredity,"n.遗传"
heretical,"adj.异端的"
heretofore,"adv.迄今为止"
hermetic,"adj.深奥的,难懂的,封闭的,不透气的"
heroic,"adj.英勇的"
heterocyst,"n.异型细胞"
heterodox,"adj.异端的,非正统的"
heterogeneous,"adj.各种各样的,不同的,混杂的"
hew,"v.遵守"
heyday,"n.全盛期"
hibernation,"n.冬眠"
hidebound,"adj.迂腐守旧的,死板的"
hierarchy,"n.等级制度"
high-minded,"adj.高尚的"
highlight,"v.突出,强调"
hilarious,"adj.非常滑稽的,搞笑的,有趣的"
hinder,"v.阻碍"
hitch,"n.故障"
hitherto,"adv.迄今为止"
hive,"n.蜂房,蜂箱"
hoard,"v.贮藏"
hoax,"v.哄骗 n.骗局"
hobble,"v.阻碍,蹒跚"
hodgepodge,"n.大杂烩,混杂物"
homogeneous,"adj.同质的,同类的"
hone,"v.磨砺,提升,锤炼"
honorific,"adj.尊敬的"
hoodwink,"v.欺骗"
hospitable,"adj.适宜的,热情好客的,友好的"
hostile,"adj.有敌意的"
humanitarian,"adj.人道主义的,博爱的"
humble,"adj.谦逊的"
humdrum,"adj.单调乏味的"
humiliate,"v.羞辱,使丢脸"
humility,"n.谦逊,谦虚"
husband,"v.节约使用,节省"
hybrid,"adj.混合的,杂种的"
hydraulic,"adj.液压的,水力的"
hydrocarbon,"n.碳氢化合物"
hydrogeology,"n.水文地质学"
hydrothermal,"adj.水热的,热水作用的"
hyperbole,"n.夸张"
hypocrisy,"n.虚伪,伪善"
hypothesis,"n.假设,假说"
hysteria,"n.情绪失控,歇斯底里"
icon,"n.偶像,象征"
identical,"adj.相同的"
idiomatic,"adj.惯用的,地道的"
idiosyncrasy,"n.(个人的)癖好,(事物的)特点,特征"
idle,"adj.(机器等)闲置的,(人)懒惰的,无所事事的"
ignite,"v.点燃,激发"
ignominy,"n.耻辱,侮辱"
ill-advised,"adj.不明智的,欠思考的"
illegitimate,"adj.违法的"
illicit,"adj.非法的"
illuminate,"v.阐明,照亮"
illusory,"adj.虚幻的,虚假的"
illustrious,"adj.杰出的,著名的"
imagery,"n.意象"
imbue,"v.使渗透,使充满"
imitate,"v.模仿"
immaterial,"adj.不重要的,无关紧要的"
immense,"adj.巨大的"
immerse,"v.沉浸"
immortal,"adj.不朽的"
impair,"v.损害,削弱,妨碍"
impart,"v.传授,给予"
impartial,"adj.公正的"
impasse,"n.僵局"
impassioned,"adj.热情的,热烈的"
impassive,"adj.冷漠的,面无表情的"
impeachable,"adj.可控告的,可弹劾的"
impeccable,"adj.无瑕疵的,无缺陷的"
impecunious,"adj.贫穷的"
impede,"v.妨碍,阻止"
impending,"adj.即将发生的,迫近的"
imperceptible,"adj.无法察觉的,极其细微的"
imperial,"adj.帝王的,至高无上的,令人惊叹的"
imperil,"v.危及"
impermanent,"adj.短暂的,暂时的,非永久的"
impertinent,"adj.无礼的,粗鲁的,无关紧要的"
imperturbable,"adj.沉着的,冷静的"
impervious,"adj.不能渗透的,不受影响的,无动于衷的"
impetuous,"adj.急躁冲动的,鲁莽的"
impinge,"v.冲击,影响"
implacable,"adj.无法平息的,不能安抚的"
implement,"v.实施"
implicate,"v.使卷入"
implicit,"adj.含蓄的,暗示的"
importune,"v.强求,纠缠"
impose,"v.强加"
impostor,"n.骗子"
impotent,"adj.无能的,无力的"
impregnable,"adj.坚不可摧的"
impressionable,"adj.易受影响的,无主见的"
impressive,"adj.印象深刻的,使人钦佩的,了不起的"
impudent,"adj.放肆无礼的"
impugn,"v.指责,质疑"
impulsive,"adj.冲动的,任性的"
impunity,"n.免受惩罚"
impute,"v.归罪于,归咎于"
inadvertent,"adj.非故意的,疏忽的,偶然的"
inalienable,"adj.不可分割的,不可剥夺的"
inattention,"n.不注意"
inaugurate,"v.使正式就任,开创,开始"
incantation,"n.咒语"
incendiary,"adj.煽动的"
incentive,"n.激励"
inception,"n.开始"
incessant,"adj.持续不断的"
inchoate,"adj.刚开始的,刚起步的,未充分发展的"
incipient,"adj.刚开始的,初期的"
incisive,"adj.深刻的,敏锐的"
incite,"v.激起,鼓动"
inclusive,"adj.包含的"
incommensurable,"adj.不可比较的,无共同点的"
incontrovertible,"adj.不可辩驳的,不容置疑的,无可否认的"
incorporate,"v.合并,吸收,包含"
incriminate,"v.归罪,连累"
incubate,"v.孵化,培养,促进"
inculpate,"v.归罪,控告"
incumbent,"adj.在职的,负有责任的"
incur,"v.引起,招致"
indebted,"adj.蒙恩的,感激的,欠债的"
indefatigable,"adj.不知疲倦的"
indelible,"adj.擦不掉的,难以清除的,难忘的"
indict,"v.控告,起诉"
indifferent,"adj.冷漠的"
indigenous,"adj.当地的,本土的"
indigent,"adj.贫穷的"
indubitable,"adj.毋庸置疑的,确实的"
indulgence,"n.放纵"
industrious,"adj.勤奋的"
ineffable,"adj.难以形容的,不可言喻的"
inept,"adj.无能的,笨拙的"
inert,"adj.惰性的,无活力的"
inevitable,"adj.不可避免的,必然的"
inexplicable,"adj.无法解释的,令人费解的"
infamous,"adj.臭名昭著的"
infectious,"adj.传染的,富有感染力的"
inferable,"adj.能推论出的"
infinitesimal,"adj.极微小的"
inflammatory,"adj.煽动的"
influx,"n.涌入,涌进"
informative,"adj.增长见闻的,有益的,提供有用信息的"
infringement,"n.违反,侵犯"
infuriate,"v.使大怒"
ingenious,"adj.新颖独特的,聪慧的,巧妙的"
ingratiate,"v.讨好"
inhabitant,"n.居民,栖息动物"
inherent,"adj.内在的"
inhibit,"v.阻止,抑制"
inimical,"adj.有敌意的,有害的,抵触的"
iniquitous,"adj.公正的"
innate,"adj.先天的,固有的"
inoculate,"v.灌输,预防接种"
inscrutable,"adj.神秘莫测的,难以理解的"
insidious,"adj.暗中为害的,潜在的"
insightful,"adj.有深刻见解的,富有洞察力的"
insinuate,"v.暗示"
insipid,"adj.枯燥无味的"
insolent,"adj.无礼的,傲慢的"
insolvent,"adj.无偿债能力的,破产的"
insouciance,"n.漫不经心,漠不关心"
instantaneous,"adj.即刻的,瞬间的"
instigate,"v.煽动,促成"
instill,"v.灌输"
instinct,"n.本能,天性"
institute,"v.建立,制定,开始"
instrumental,"adj.起作用的,有帮助的,有益处的"
insubordinate,"adj.不服从的,反抗的"
insular,"adj.孤立的,思想狭隘的,岛屿的"
insulin,"n.胰岛素"
insurrection,"n.叛乱,造反"
intact,"adj.完整无缺的,未受损伤的"
intangible,"adj.无形的,难以捉摸的,难以感知的"
intelligible,"adj.可理解的"
intensify,"v.加强,加剧"
interchangeable,"adj.可交换的"
interdisciplinary,"adj.跨学科的"
interminable,"adj.无休止的,冗长的"
intermingle,"v.混合"
intermittent,"adj.间歇的,断断续续的"
interpose,"v.介入,干涉"
interpretation,"n.解释"
intersect,"v.相交"
interstellar,"adj.星际的"
intertwine,"v.缠绕"
intimidate,"v.恐吓"
intoxicate,"v.使喝醉,使陶醉"
intractable,"adj.倔强的,棘手的,难处理的"
intransigent,"adj.固执的,不妥协的"
intrepid,"adj.勇敢的,无畏的"
intricate,"adj.复杂的"
intriguing,"adj.吸引人的,有趣的"
intrinsic,"adj.固有的,本质的"
introspection,"n.反省"
intrude,"v.侵入,打扰"
intuitive,"adj.凭直觉的"
inure,"v.使习惯,使适应(令人不悦的事物)"
invalidate,"v.使无效,驳倒"
invaluable,"adj.非常宝贵的"
invasive,"adj.入侵的,侵袭的"
invective,"n.谩骂"
inverse,"adj.颠倒的,相反的"
invertebrate,"adj.无脊椎的 n.无脊椎动物"
inveterate,"adj.根深蒂固的,积习难改的"
invidious,"adj.令人反感的,招人嫉妒的"
inviting,"adj.诱人的,吸引人的"
involuntary,"adj.无意识的,不由自主的"
ion,"n.离子"
ionize,"v.离子化,电离"
irascible,"adj.易怒的,性情暴躁的"
irenic,"adj.和平主义的,调解安抚的"
iridescent,"adj.色彩斑斓的"
irk,"v.使恼怒,使厌烦"
irony,"n.讽刺,反话"
irrefutable,"adj.不可辩驳的,不容否认的"
irresolution,"n.犹豫不决,优柔寡断"
irrigate,"v.灌溉"
isolationism,"n.孤立主义"
isometric,"adj.等量的"
itemize,"v.列出清单"
itinerant,"adj.巡回的,流动的"
jargon,"n.行话,术语"
jejune,"adj.枯燥乏味的"
jeopardize,"v.损害,危及"
jibe,"n.讥讽,讽刺 v.和...一致,相符"
jockey,"v.不择手段谋取,用各种手腕获得"
jubilant,"adj.欢欣鼓舞的"
judicial,"adj.司法的,审判的"
Jupiter,"n.木星"
justify,"v.证明...正当"
juvenile,"adj.青少年的,幼稚的"
juxtaposition,"n.并列,并置"
kelp,"n.巨藻"
kindle,"v.点燃,激发"
kindred,"n.亲属,家人 adj.同类的,相似的"
kinetic,"adj.运动的"
kinfolk,"n.亲属"
kinship,"n.亲属关系"
knotty,"adj.棘手的,难以解决的"
laborious,"adj.勤劳的,费劲的,辛苦的"
labyrinthine,"adj.错综复杂的,令人费解的"
lackluster,"adj.无光泽的,平凡的"
laconic,"adj.言简意赅的,寡言的"
lactic,"adj.乳的,乳汁的"
lag,"v.落后"
laity,"n.俗人,门外汉"
lambaste,"v.严厉斥责"
lament,"v.感到悲痛,哀叹"
lampoon,"n.讥讽,嘲讽 v.讥讽,嘲讽"
languid,"adj.软弱无力的,无精打采的,倦怠的"
languish,"v.衰弱,衰败,受折磨,被迫滞留"
lapse,"n.间隔时间,延时,小错误,走神"
lassitude,"n.疲倦,困乏,无力"
last-ditch,"adj.孤注一掷的,最后一搏的"
latent,"adj.潜在的"
laudatory,"adj.赞美的"
laureate,"n.获奖者,荣誉获得者"
layperson,"n.门外汉,外行"
leach,"v.过滤"
leak,"v.泄露"
legacy,"n.遗赠,遗产"
legitimize,"v.使合法,使合理"
legume,"n.豆科植物"
lengthy,"adj.冗长的"
leopard,"n.豹"
lethal,"adj.致命的,危害极大的"
lethargy,"n.无精打采,倦怠,慵懒"
levity,"n.轻浮,轻率"
liberate,"v.使解放,使解脱"
libertine,"n.放荡不羁的人 adj.放荡不羁的"
licentious,"adj.不道德的,放荡的"
liken,"v.把...比作"
limp,"v.跛行,艰难前行"
limpid,"adj.清澈的,清晰的"
linger,"v.逗留,徘徊"
loath,"adj.不愿意的,勉强的"
loathe,"v.厌恶,憎恨"
lobe,"n.(身体器官的)叶"
lofty,"adj.崇高的,高尚的,高傲的,傲慢的,巍峨的,高耸的"
long-winded,"adj.冗长的,啰嗦的"
loom,"v.隐约可见,迫近,逼近,即将爆发"
lopsided,"adj.倾向一方的,不均衡的"
lowly,"adj.低下的,卑微的"
lucid,"adj.清晰易懂的"
lucrative,"adj.赚钱的,获利的"
lugubrious,"adj.悲伤的"
lukewarm,"adj.微温的,缺乏兴趣的,冷漠的"
luminous,"adj.发光的,发亮的"
lunar,"adj.月亮的"
lunatic,"adj.精神错乱的,疯狂愚蠢的"
lurch,"v.突然倾斜 n.突然倾斜"
lure,"v.诱惑"
lurid,"adj.骇人听闻的,触目惊心的"
lurk,"v.潜藏,潜伏"
lust,"n.欲望 v.贪求,极想得到"
luster,"n.光泽"
luxuriant,"adj.繁茂的,奢华的"
lyric,"adj.抒情诗的"
madcap,"adj.鲁莽的,愚蠢的"
maelstrom,"n.旋涡,混乱"
magisterial,"adj.权威的"
magnanimous,"ad宽宏的,大度的"
magnetosphere,"n.磁层"
magnificent,"adj.壮观的,宏伟的"
magnify,"v.扩大,加剧"
magpie,"n.喜鹊"
maize,"n.玉米"
majestic,"adj.庄严的,雄伟的"
malady,"n.疾病,弊端"
malevolent,"adj.恶毒的"
malfeasance,"n.渎职,违法行为"
malicious,"adj.恶意的,怀恨的"
malodorous,"adj.难闻的"
managerial,"adj.管理的"
mane,"n.鬃毛"
mania,"n.狂热"
manuscript,"n.手稿,手抄本"
mar,"v.损害,破坏"
marble,"n.大理石"
martinet,"n.严格遵守纪律的人"
masculine,"adj.男性的,有男子气概的"
mask,"v.掩盖"
maudlin,"adj.伤感的,多愁善感的"
mawkish,"adj.多愁善感的"
maze,"n.错综复杂,迷宫"
meander,"v.蜿蜒而行"
measured,"adj.谨慎小心的"
mechanic,"n.机械修理工,技工,力学,机械学"
meditate,"v.仔细思考,沉思"
meek,"adj.温顺的,顺从的"
melancholy,"n.忧郁"
meld,"v.融合"
mellifluous,"adj.流畅的,悦耳动听的"
melodious,"adj.悦耳的,优美的"
melodramatic,"adj.夸张的"
menial,"adj.卑微的"
mercenary,"adj.唯利是图的"
merchandise,"n.商品 v.推销,推广"
meretricious,"adj.华而不实的,虚有其表的"
merge,"v.合并,融合"
merit,"n.优点,长处,价值"
mesmerize,"v.使着迷,吸引"
mesoscale,"adj.中尺度的,中等规模的"
metabolic,"adj.新陈代谢的"
metallic,"adj.金属的"
metalloid,"n.类金属,准金属"
mete,"v.给予"
meteoric,"adj.迅速而短暂的"
meteorite,"n.陨石"
methanogen,"n.产烷生物"
methanol,"n.甲醇"
methodology,"n.方法论"
meticulous,"adj.一丝不苟的,小心谨慎的"
metropolitan,"adj.大城市的"
mettle,"n.勇气,魅力"
mighty,"adj.强有力的,巨大的"
milieu,"n.社会环境,社会背景"
millennium,"n.一千年"
millimeter,"n.毫米"
mimetic,"adj.模仿的"
mimic,"v.模仿"
minimal,"adj.最少的,极小的"
minuscule,"adj.非常小的"
minute,"ad极小的,微小的"
mirror,"v.反映"
mirth,"n.欢乐,欢笑"
misanthrope,"n.厌恶人类者"
misconstrue,"v.误解,曲解"
miscreant,"adj.邪恶的,恶毒的 n.不法之徒"
miserly,"adj.吝啬的,小气的"
misfeasance,"n.渎职,不法"
misnomer,"n.误称"
missionary,"n.传教士"
mite,"n.螨虫,极少量"
mixed,"adj.混合的,交错复杂的"
mob,"n.暴民,暴徒 v.围攻"
mockery,"n.嘲笑,讥讽"
mold,"v.塑造"
molder,"v.腐烂"
mole,"n.鼹鼠,痣"
molecular,"adj.分子的"
mollify,"v.平息,安抚,缓解"
momentary,"adj.短暂的,片刻的"
momentous,"adj.重大的"
momentum,"n.动力,势头"
monarchy,"n.君主制,君主政体"
monk,"n.僧侣,修道士"
monogamy,"n.一夫一妻制"
monopoly,"n.垄断"
monotonous,"adj.单调的,乏味的"
monstrous,"adj.骇人听闻的,可怕的,巨大的"
moral,"adj.道德的"
morale,"n.士气"
moralistic,"adj.说教的"
moratorium,"n.暂停,中止"
morbid,"adj.病态的,不正常的"
mores,"n.道德观念"
moribund,"adj.垂死的"
morose,"adj.忧郁的"
morphological,"ad形态的"
mosaic,"n.马赛克,镶嵌图案"
motley,"adj.混杂的"
mourn,"v.哀悼"
mucus,"n.粘液,鼻涕"
muddle,"n.混乱 v.搞乱,弄糊涂"
multifarious,"adj.多样的,多种的"
munificent,"adj.慷慨的,大方的"
munition,"n.军火,军需品"
mural,"n.壁画"
mutable,"adj.可变的,易变得"
mutual,"adj.相互的,共同的"
myopic,"adj.近视的,目光短浅的"
narrow-minded,"adj.狭隘的,心胸狭隘的"
nascent,"adj.刚出现,新兴的"
natty,"adj.整洁的"
naysayer,"n.否定者,反对者"
nebula,"n.星云"
nebulous,"adj.模糊的"
necessitate,"v.使必需,需要"
needy,"adj.贫穷的,匮乏的"
negate,"v.使无效,抵消,否定,否认"
negligent,"adj.疏忽的,玩忽职守的"
negligible,"adj.微不足道的,不重要的"
negotiate,"v.协商,谈判"
neolithic,"adj.新石器时代的"
neologism,"n.新词"
neophyte,"n.新手,初学者"
nepotism,"n.任人唯亲"
nettle,"v.使恼怒,冒犯"
neuron,"n.神经细胞"
neutralize,"v.使无效"
neutrino,"n.中微子"
nihilism,"n.虚无主义"
nimble,"adj.敏捷的,灵巧的"
nitrogen,"n.氮气"
nocturnal,"adj.夜间的"
noisome,"adj.令人讨厌的,恶臭的"
nomad,"n.游牧民,流浪者"
nomenclature,"n.命名"
nominal,"adj.名义上的,微不足道的"
nonchalant,"adj.漠不关心的"
nondescript,"adj.无特性的,平凡的,不吸引人的"
nonplus,"v.使困惑,使迷惑"
notorious,"adj.众所周知的,臭名昭著的"
novel,"adj.新颖的,革新的"
novice,"n.新手,初学者"
nucleic,"adj.核的"
nugatory,"adj.琐碎的,无价值的"
nullify,"v.使无效,废除"
numerous,"adj.许多的,大量的"
numinous,"adj.神明的,超自然的,神秘的"
nutrient,"n.营养物,营养素"
obedient,"adj.顺从的"
obeisance,"n.尊敬"
obesity,"n.肥胖"
obfuscate,"v.使困惑,使晦涩难懂"
objectionable,"adj.令人反感的,讨厌的"
objective,"adj.客观公正的"
obligatory,"adj.强制性的,义务性的"
oblique,"adj.倾斜的,间接的"
obliterate,"v.摧毁,清除"
oblivious,"adj.未察觉的,未注意的,不知道的"
obloquy,"n.污蔑,指责,谩骂"
obsequious,"adj.谄媚的"
observant,"adj.善于观察的,敏锐的,严格遵守的"
observation,"n.观察,观测"
obsess,"v.使着迷"
obstinate,"adj.固执的"
obstreperous,"adj.不服约束的,不听话的"
obstruct,"v.阻止,妨碍"
obtrude,"v.闯入,打扰"
obtuse,"adj.迟钝的,愚蠢的"
obviate,"v.消除,使不必要"
occasion,"v.引起"
occlude,"v.阻闭,阻碍"
occult,"adj.难以理解的"
odyssey,"n.漫长曲折的行程"
officious,"adj.爱管闲事的"
offish,"adj.冷漠的"
offset,"v.抵消,补偿"
offspring,"n.后代,子孙"
old-fashioned,"adj.过时的"
omnipresent,"adj.无处不在的"
omniscient,"adj.无所不知的"
omnivore,"n.杂食动物"
omnivorous,"adj.杂食的,兴趣广泛的"
onerous,"adj.繁重的,艰巨的"
ooze,"v.渗出,泄露"
opinionated,"adj.固执己见的,顽固的"
opportune,"adj.适当的,合适的"
oppressive,"adj.压迫的,残酷的"
opprobrium,"n.谴责,抨击"
optic,"adj.眼的,视觉的"
opulent,"adj.富裕的,阔绰的"
oratorical,"adj.演说的,雄辩的"
orb,"n.球体"
orbit,"n.轨道"
ordain,"v.授予圣职,命令"
ordeal,"n.磨难,折磨,严酷的考验"
orderly,"adj.整洁有序的"
orientation,"n.导向"
ornament,"n.装饰品"
orthodox,"adj.正统的,传统的"
ossify,"v.使僵化,使一成不变"
ostensible,"adj.表面的,看似真实的,虚假的"
ostracize,"v.排斥,排挤"
outdated,"adj.过时的"
outdo,"v.超越,胜过"
outfit,"n.全套服装"
outlandish,"adj.稀奇古怪的,异乎寻常的"
outmoded,"adj.过时的,废弃的"
outnumber,"v.在数量上超过"
outrageous,"adj.骇人听闻的,粗暴的,无法容忍的"
outright,"adj.完全的,彻底的"
outspoken,"adj.坦率的"
outwit,"v.以机智胜过"
overarching,"adj.主导的,首要的,涵盖所有的"
overbearing,"adj.傲慢的,专横跋扈的"
overblown,"adj.夸张的"
overdue,"adj.逾期的,拖欠的,早该发生的"
overhaul,"v.全面修订,彻底革新 n.全面修订,彻底革新"
overlap,"v.重叠"
overreach,"v.做事过头,自不量力"
oversell,"v.过分吹嘘,过分宣扬"
overthrow,"v.推翻,颠覆"
overture,"n.序曲,前奏"
overturn,"v.推翻,颠覆"
oxygen,"n.氧气,氧"
oyster,"n.牡蛎"
ozone,"n.臭氧"
pagan,"n.异教徒"
painstaking,"adj.勤勉的,极其仔细的"
palatable,"adj.美味的,可接受的"
palliate,"v.减轻,缓解,平息"
palpable,"adj.可感知的,易察觉的,明显的"
paltry,"adj.微不足道的,不重要的"
pancreas,"n.胰腺"
pandemonium,"n.喧闹,嘈杂,混乱"
panegyric,"n.颂词"
panic,"n.恐慌,惊慌失措"
panoply,"n.大批,整套"
paradigm,"n.典范,范例"
paradox,"n.矛盾"
parameter,"n.参数,界限"
paramount,"adj.最重要的,首要的"
parity,"n.平等,同等"
parliament,"n.议会,国会"
parochial,"adj.狭隘的"
parsimonious,"adj.吝啬的"
particularize,"v.具体说明,详述"
partisan,"n.盲目偏袒某人的人,党徒"
pastiche,"n.混成的作品,集成之作,模仿的作品"
pastoral,"adj.田园生活的,乡村的"
patchwork,"n.混杂物"
paternity,"n.父权,父系"
pathogen,"n.病原体"
pathos,"n.同情"
patriot,"n.爱国者"
patron,"n.赞助人,资助人"
paucity,"n.不足,缺乏"
peccadillo,"n.小瑕疵,过失,失误"
peculiar,"adj.独特的,奇怪的"
pedagogue,"n.教师(尤指好为人师者)"
pedant,"n.学究,书呆子"
pedantic,"adj.迂腐的,学究气的"
pedestrian,"adj.平庸的,乏味的"
peer,"n.同辈人,同龄人,相同地位的人"
pejorative,"adj.贬低的,轻蔑的"
penalty,"n.惩罚,刑罚"
pendulum,"n.摇摆不定"
penicillin,"n.青霉素"
peninsula,"n.半岛"
pensive,"adj.沉思的,忧思的"
peptide,"n.肽"
perceptive,"adj.有洞察力的,敏锐的"
percolate,"v.渗透"
perforate,"v.刺穿,穿透"
perforce,"adv.必定,势必"
perfume,"n.香味 v.使香气弥漫"
perilous,"adj.危险的"
perimeter,"n.周长,周边,外围"
periodic,"adj.定期的,周期性的"
peripatetic,"adj.巡回工作的,流动的"
periphery,"n.外围,边缘"
permanent,"adj.永久的,永恒的"
permeable,"adj.可渗透的,可渗入的"
pernicious,"adj.有害的,恶性的"
perpetrate,"v.犯罪"
perpetual,"adj.永久的,持续的"
perpetuate,"v.使永存,使持续"
perquisite,"n.特权,额外补贴"
persecute,"v.迫害,残害,烦扰"
persevere,"v.坚持不懈"
personable,"adj.英俊潇洒的,品貌兼优的"
perspective,"n.观点,角度"
perspicuous,"adj.清晰易懂的"
persuasive,"adj.有说服力的"
pertinacious,"adj.坚定不移的,固执的"
pertinent,"adj.相关的"
peruse,"v.仔细研读,精读"
pervasive,"adj.遍布的,普遍的"
perverse,"adj.无理取闹的,倔强的,不正当的"
pessimistic,"adj.悲观的"
petition,"v.祈求,请求 n.请愿,正式的申请,申请书"
petrify,"v.使无活力,使停滞,使惊呆"
petroleum,"n.石油"
petty,"adj.不重要的,微不足道的"
petulant,"adj.暴躁的,任性的"
phantom,"n.幽灵,幻影"
phenomenal,"adj.不寻常的,非凡的,显著的"
philanthropy,"n.慈善,捐助"
philistine,"n.俗气的人,文化修养低的人"
philosophy,"n.哲学,观点,信条"
phlegmatic,"adj.沉着的,冷静的,不动感情的"
photochemical,"adj.光化学的"
phylum,"n.门"
piecemeal,"adj.零碎的,零散的"
pier,"n.桥墩,码头"
pilfer,"v.偷窃"
pilgrim,"n.朝圣者"
pillage,"v.掠夺,抢劫"
pillory,"v.嘲弄,羞辱 n.嘲弄,羞辱"
pioneering,"adj.开创性的,开拓性的"
pious,"adj.虔诚的"
piquant,"adj.辛辣刺激的,刺激有趣的,引人入胜的"
pitcher,"n.投球手,水罐"
pitfall,"n.陷阱,隐患"
pithy,"adj.简明扼要的,言简意赅的"
pivotal,"adj.关键的"
placate,"v.安抚,抚慰"
placebo,"n.安慰剂"
placid,"adj.平静的,宁静的"
plagiarize,"v.剽窃,抄袭"
plaintiff,"n.原告"
plaintive,"adj.悲伤的"
platonic,"adj.(柏拉图式的)理想的,不切实际的"
playwright,"n.剧作家"
pledge,"v.保证,许诺"
Pleistocene,"n.更新世"
plentitude,"n.充足,丰富"
plethora,"n.过多,大量"
pliable,"adj.柔韧的,顺从的,易受影响的"
plight,"n.困境"
plod,"v.沉重缓慢地走,辛勤工作"
ploy,"n.计谋,手段"
plumage,"n.全身羽毛"
plummet,"v.暴跌,骤然下落"
plunder,"v.劫掠,窃取"
plunge,"v.骤降,猛跌"
poise,"v.使平衡,准备好做某事"
polarize,"v.使两极分化,使对立"
polemical,"adj.争论的,争辩的"
polished,"adj.优雅的,有教养的"
pollen,"n.花粉"
polymath,"n.博学家"
polymer,"n.聚合体"
pompous,"adj.自大的,自命不凡的"
ponder,"v.仔细考虑,思索"
ponderous,"adj.缓慢的,笨拙的,乏味呆板的"
pontificate,"v.自负地谈论,傲慢地谈论"
popularize,"v.使受欢迎,使普及"
porcelain,"n.瓷器"
porous,"adj.多孔的,可渗透的"
portend,"v.预示,预兆"
portentous,"adj.预兆的,自命不凡"
posit,"v.假设,断定"
posthumous,"adj.死后的"
postpone,"v.推迟,延期"
pottery,"n.陶器"
practitioner,"n.实践者,从事者"
pragmatic,"adj.务实的,实用的"
preachy,"adj.说教的"
Precambrian,"n.前寒武纪"
precarious,"adj.危险的,不稳定的"
precede,"v.先于,发生在...之前,(地位,重要性)高于..."
precious,"adj.宝贵的,珍贵的"
precipitate,"v.促使,导致 adj.仓促的,匆忙的"
precipitous,"adj.仓促的,急剧的,陡峭的"
preclude,"v.阻止,排除"
precocial,"adj.早熟性的"
precocious,"adj.早熟的"
preconception,"n.先入之见,成见"
predate,"v.早于,先于"
predecessor,"n.前身,前辈"
predicament,"n.困境,窘境"
predictable,"adj.可预见的,可预料到的"
predilection,"n.偏爱,爱好"
predispose,"v.使有倾向,使有意向"
predominant,"adj.占主导地位的"
preeminent,"adj.卓越的,杰出的,首要的"
preempt,"v.预先占有,预先阻止,制止"
prefigure,"v.预示,预兆"
prejudice,"n.偏见,成见"
preliminary,"adj.初步的,预备的"
premeditate,"v.预先考虑"
premise,"n.前提"
premonitory,"adj.先兆的,预兆的"
prenatal,"adj.产前的"
preponderant,"adj.主导的,最重要的"
prepossessing,"adj.给人好感的,有吸引力的"
prerequisite,"n.先决条件,前提"
prerogative,"n.特权"
presage,"v.预示,预兆"
prescient,"adj.预知的,预见的"
preside,"v.主持,负责,管理"
pressing,"adj.紧迫的,迫切的"
prestigious,"adj.有威望的,受尊敬的"
presume,"v.假定,推测"
presumptuous,"adj.放肆的,冒昧的"
presuppose,"v.预先假定,以...为前提条件"
preternatural,"adj.超自然的,异乎寻常的"
pretext,"n.借口"
prickly,"adj.多刺的,棘手的,易怒的"
primate,"n.灵长类动物"
primeval,"adj.原始的,远古的"
primitive,"adj.原始的,初步的"
prior,"adj.在前的,先前的"
pristine,"adj.原始的,质朴的,未被侵害腐蚀的"
privilege,"n.特权"
probe,"v.调差,探听"
probity,"n.正直,诚实"
proclaim,"v.宣布,声明"
prodigal,"adj.挥霍浪费的,奢侈的"
profess,"v.声称"
proffer,"v.提供"
profligate,"adj.肆意挥霍的"
profound,"adj.深刻的,深奥的"
progenitor,"n.先驱"
progeny,"n.后代,后裔"
prognosis,"n.预期,预判"
prohibitive,"adj.禁止的,抑制的,(因价格高而)令人望而却步的"
project,"n.计划,项目 v.预计,投影,投射"
prolific,"adj.多产的"
prolix,"adj.啰嗦的,冗长的"
prolong,"v.延长,拖长"
prominent,"adj.显著的,杰出的,著名的"
promise,"v.承诺 n.成功的迹象,光明的前景"
promulgate,"v.传播,宣传"
prone,"adj.有...倾向的,易于...的"
pronounced,"adj.显著的"
proofread,"v.校对"
propagate,"v.宣传,传播"
propensity,"n.倾向,习性"
prophetic,"adj.预示的,预言性的"
propitiate,"v.抚慰,使平息怒火"
proportional,"adj.成比例的,相称的"
proposition,"n.观点,主张,命题"
proprietary,"adj.私有的,专有的"
propriety,"n.适当,得体,礼仪"
prosaic,"adj.平淡的,乏味的"
proscribe,"v.禁止"
prospect,"n.前景,预期 v.勘探"
prosperous,"adj.兴旺的,繁荣的"
protagonist,"n.主要人物,主角"
protean,"adj.多变的,多样的"
protein,"n.蛋白质"
protocol,"n.约定,协议,礼节"
protoplanetary,"adj.原始行星的"
protract,"v.延长,拖长"
provenance,"n.起源,来源"
proverb,"n.谚语,格言"
provincialism,"n.狭隘,地方主义"
provisional,"adj.临时的,暂时性的"
provocative,"adj.引起的,挑衅的"
proximity,"n.邻近,接近"
proxy,"n.代理人,代替者"
prudent,"adj.审慎的,精明的"
prune,"v.削减,删除"
prying,"adj.窥探的"
pseudonym,"n.假名,笔名"
pseudoscience,"n.伪科学"
psyche,"n.心灵"
puerile,"adj.幼稚的,愚蠢的"
pugnacious,"adj.好争吵的,好斗的"
pulley,"n.滑轮"
pulsate,"v.有节奏地运动,搏动"
punctilious,"adj.一丝不苟的"
pundit,"n.权威,专家"
pungent,"adj.辛辣刺激的,讽刺的,尖刻的"
puny,"adj.弱小的,微弱的"
pupa,"n.蛹"
purify,"v.净化,使纯净"
purport,"v.声称"
pushover,"n.易被说服的人"
putative,"adj.公认的,推定的"
quack,"n.江湖郎中,骗子"
Quaker,"n.贵格会教徒"
quandary,"n.窘境,困境"
quarantine,"n.隔离,检疫"
quarry,"v.开采"
quash,"v.平息,压制,撤销,废止"
quell,"v.平息,镇压"
quench,"v.熄灭,使满足"
querulous,"adj.发牢骚的,爱抱怨的"
query,"v.质疑"
quibble,"v.挑剔,吹毛求疵"
quintessential,"adj.典型的"
quip,"n.妙语,讽刺"
quirk,"n.怪癖"
quixotic,"adj.空想的,不切实际的"
quizzical,"adj.古怪的,诧异的,嘲讽的"
quotidian,"adj.日常的,寻常的"
rabid,"adj.偏激的,狂暴的"
radiant,"adj.光芒四射的,神采奕奕的"
rail,"v.猛烈抨击,责骂"
raillery,"n.玩笑,调侃"
rally,"v.聚集,团结"
rambling,"adj.冗长的,杂乱的"
ramification,"n.后果,影响"
rampant,"adj.猖獗的,泛滥的"
ramshackle,"adj.破败不堪的,摇摇欲坠的"
rancor,"n.怨恨,敌意"
rant,"v.咆哮 n.咆哮,斥责"
rapacious,"adj.贪婪的"
rapport,"n.和睦,友善"
ratify,"v.批准,认可"
ratio,"n.比率"
rattle,"v.使紧张不安,使慌乱"
raucous,"adj.沙哑的,刺耳的"
raze,"v.彻底摧毁"
reactionary,"adj.保守的,反动的"
realm,"n.领域,范围"
reap,"v.收货,得到"
rebellious,"adj.反叛的,叛逆的"
rebuff,"v.断然拒绝,否定"
rebuke,"v.指责,严厉批评"
recalcitrant,"adj.不服从命令的,桀骜不驯的"
recant,"v.公开放弃"
recapitulate,"v.概括,重述要点"
recast,"v.重塑,重新呈现"
recipient,"n.接受者"
reckless,"adj.轻率的,鲁莽的,不计后果的"
reckon,"v.估计,认为"
reclaim,"v.开垦,恢复,收回(权利),改造,挽救(错误)"
recoil,"v.畏缩,后退"
reconnaissance,"n.侦查"
recourse,"n.依赖"
rectitude,"n.正直,公正"
recumbent,"adj.躺着的"
redeem,"v.弥补,挽回"
redolent,"adj.芬芳的"
refrigerant,"n.制冷剂"
refulgent,"adj.辉煌的"
regal,"adj.富丽堂皇的,豪华的"
regimen,"n.规则,方法"
regiment,"v.严格管制 n.军团"
rehabilitate,"v.康复,恢复"
rehash,"v.(无实质修改地)重提,重复"
reiterate,"v.重述,重申"
rejuvenate,"v.恢复青春,恢复活力"
relegate,"v.使降级,授权,委托"
relentless,"adj.坚持不懈的,不间断的"
reliability,"n.可靠性"
relief,"n.宽慰,(疼痛或痛苦的)减轻,解除,浮雕"
relish,"v.享受,喜爱"
reminiscent,"adj.怀旧的,使人想起的"
remorse,"n.懊悔,悔恨"
remunerate,"v.提供报酬,给与补偿"
renegade,"n.叛徒,变节者"
renege,"v.反悔,否认"
renounce,"v.宣布放弃,抛弃"
renunciation,"n.声明放弃"
repackage,"v.重新包装"
reparation,"n.赔偿,弥补"
repeal,"v.废除,撤销"
repel,"v.击退,驱逐,使厌恶"
repetitious,"adj.反复的,重复乏味的"
reprieve,"v.延缓,暂缓 n.缓刑,延缓,缓解"
reprimand,"v.训斥,谴责"
reproach,"v.责备,指责"
reprobate,"v.斥责 n.堕落者,放荡者"
reptile,"n.爬行动物"
repugnant,"adj.令人反感的,令人厌恶的"
rescind,"v.撤销,废除"
resent,"v.怨恨,憎恶"
resolute,"adj.坚决的,果敢的"
resonate,"v.回响,引发共鸣"
respite,"n.暂停,暂缓"
restive,"adj.厌烦的,不安的,难驾驭的"
restless,"adj.焦躁不安的"
resurrect,"v.恢复,重新出现"
resuscitate,"v.使复活,使复兴"
retain,"v.保留,保持"
retaliate,"v.报复,还击"
retard,"v.妨碍,减缓"
retention,"n.保持,保留"
reticent,"adj.沉默寡言的"
retinal,"adj.视网膜的"
retract,"v.撤回,收回"
retroactive,"adj.有追溯力的"
retrograde,"adj.倒退的,退化的"
revel,"v.陶醉,沉湎"
revenge,"v.报复,复仇"
reverberate,"v.反射,回声,产生巨大影响,影响深远"
reverent,"adj.恭敬的,虔诚的"
reverie,"n.幻想"
reverse,"v.颠倒,反转"
revert,"v.恢复,重回"
revisionist,"adj.修正主义的"
revitalize,"v.使复兴,使恢复活力"
revive,"v.使复苏,使复兴"
revoke,"v.撤销,废除"
rhapsody,"n.狂想曲"
ribald,"adj.下流的,粗俗的"
riddle,"n.谜团,费解的事"
ridiculous,"adj.荒谬的,荒唐可笑的"
rife,"adj.(常指坏事)充斥的,盛行的"
rip,"v.撕裂"
rivalry,"n.竞争,敌对"
riveting,"adj.吸引人的,令人着迷的"
roil,"v.搅乱,使混乱"
rosy,"adj.乐观的,充满希望的"
rote,"adj.机械式的"
rouse,"v.唤醒,煽动,鼓动"
rue,"v.后悔,悔恨"
ruminate,"v.沉思,琢磨"
rupture,"v.裂开 n.破裂"
ruthless,"adj.残忍的,冷酷无情的"
sabotage,"v.蓄意破坏"
sacrilege,"n.亵渎,不敬"
sacrosanct,"adj.神圣的,不容侵犯的"
sagacious,"adj.精明的,睿智的"
sage,"n.智者,哲人"
saint,"n.圣徒,圣人"
salacious,"adj.淫秽的,猥亵的"
saline,"adj.含盐的"
salubrious,"adj.有益健康的"
salvage,"v.抢救,营救"
sanctimonious,"adj.伪善的,假装虔诚的"
sanctuary,"n.避难所,庇护所"
sapient,"adj.智慧的,聪明的"
sarcasm,"n.讽刺,挖苦"
sardonic,"adj.讥讽的,嘲笑的"
sartorial,"adj.裁缝的,缝纫的"
satiate,"v.使满足,使厌腻"
satire,"n.讽刺"
savage,"adj.残暴的 v.猛烈抨击"
savor,"v.享受,品尝"
savvy,"adj.精明的 n.见识,实际知识,悟性"
scandalous,"adj.可耻的"
scaremonger,"n.危言耸听者,散布谣言者"
scathing,"adj.尖锐的,刻薄的"
schema,"n.概要,梗概"
schism,"n.分离,分裂"
scintillate,"v.闪烁"
scoff,"v.嘲笑,讥讽,贪婪地吃"
scorn,"v.轻视,蔑视"
scruple,"n.顾忌,顾虑"
scrupulous,"adj.小心谨慎的,一丝不苟的"
scrutable,"adj.可以理解的"
scrutinize,"v.仔细检查"
seamy,"adj.卑鄙的,丑恶的"
sebum,"n.皮脂"
secondhand,"adj.间接的,二手的"
secretive,"adj.深藏不露的,讳莫如深的"
sectarian,"adj.宗派的,狭隘的"
secure,"v.获得,争取到"
seditious,"adj.煽动性的"
seduce,"v.引诱"
sedulous,"adj.勤奋的"
seemly,"adj.得体的,适当的"
seep,"v.渗漏,渗透"
seethe,"v.愤怒,生闷气,翻滚,沸腾"
segment,"n.部分 v.细分,划分"
seismic,"adj.地震的"
self-effacing,"adj.自谦的,谦逊的"
self-evident,"adj.不证自明的,不言而喻的"
self-regard,"n.自我关注,自爱"
self-serving,"adj.自私的"
self-styled,"adj.自诩的,自封的"
semantic,"adj.语义的"
senescence,"n.衰老"
sensational,"adj.引起轰动的"
sensuous,"adj.给人快感的,愉悦感官的"
sententious,"adj.爱说教的,简要的,精炼的"
sequential,"adj.按顺序的"
sequester,"v.使隔离,使隔绝"
serendipity,"n.意外发现珍奇事物的能力"
serene,"adj.宁静的,平静的"
sermon,"n.布道,说教"
serum,"n.血清"
setback,"n.挫折,障碍"
sever,"v.切断,割开"
shackle,"v.束缚,阻碍"
shallow,"adj.浅的,肤浅的,浅薄的"
shirk,"v.逃避,规避"
shoal,"n.鱼群 v.成群游动"
shoddy,"adj.粗劣的,粗糙的,卑劣的"
shortcoming,"n.缺点,短处"
shortcut,"n.捷径,近路"
shoulder,"v.承担"
shrewd,"adj.精明的"
shriek,"v.尖叫"
shrill,"adj.尖厉的,刺耳的"
sidestep,"v.回避,规避"
siege,"n.围困,围攻"
sift,"v.细查,筛查"
signify,"v.表明,象征,意味着"
silicon,"n.硅"
simulate,"v.模拟,模仿,假装"
sinister,"adj.邪恶的,不详的"
sinistral,"adj.左旋的"
skink,"n.石龙子,小蜥蜴"
skirt,"v.回避,避开"
skittish,"adj.易受惊的,善变的"
skullduggery,"n.舞弊,欺诈"
slacken,"v.使减弱,使缓和"
slapdash,"adj.马虎的,草率的"
slaughter,"v.屠杀,杀戮"
slay,"v.杀害"
sleazy,"adj.卑劣的,不光彩的"
slew,"n.许多,大量"
sluggish,"adj.缓慢的,迟缓的"
slumber,"v.睡眠,蛰伏"
slump,"v.急剧下跌,暴跌"
slur,"n.诽谤,诋毁"
smallpox,"n.天花"
smother,"v.使窒息,闷死,抑制,压制"
smug,"adj.自鸣得意的,沾沾自喜的"
sng,"n.(隐藏或者意料之外的)困难,障碍"
snappish,"adj.暴躁的,声色俱厉的"
snapshot,"n.快照,抓拍的照片"
snub,"v.轻视,怠慢,冷落"
sociability,"adj.社交性,善于社交"
sodium,"n.纳"
solace,"n.安慰,抚慰"
sole,"n.鞋底,脚掌 adj.仅有的,唯一的"
solemn,"adj.严肃的,庄严的"
solicitous,"adj.挂念的,担心的"
soliloquy,"n.独白"
solitary,"adj.孤独的"
solitude,"n.独处,告白"
soluble,"adj.可溶解的,可解决的,可解释的"
solvent,"adj.能溶解的,有偿付能力的"
somnolent,"adj.瞌睡的,困倦的"
sonata,"n.奏鸣曲"
sonorous,"adj.声音响亮的"
soothe,"v.安慰,缓和"
sophist,"n.诡辩者"
soporific,"adj.催眠的"
soprano,"n.最高音部,女高音"
sordid,"adj.卑劣的,可耻的"
sow,"v.播种 n.母猪"
spacious,"adj.广阔的,宽敞的"
sparse,"adj.稀少的,稀疏的"
spartan,"adj.简朴的,清苦的"
spate,"n.大批,许多"
spearhead,"v.领导,倡导"
spectacular,"adj.壮观的,引人注目的"
sperm,"n.精子"
spew,"v.喷出,涌出"
spite,"n.恶意,怨恨"
splendor,"n.壮丽,光辉"
spontaneous,"adj.自发的"
spoof,"n.戏弄,嘲讽"
sporadic,"adj.偶尔的,间断发生的"
spotlight,"n.公众注意的中心"
spout,"v.喷出,喋喋不休的说"
sprawl,"v.蔓延,扩展"
spurn,"v.轻蔑地拒绝"
spurt,"n.激增,冲刺"
squander,"v.挥霍,浪费"
square,"v.与...一致"
squelch,"v.压制,镇压"
staid,"adj.严肃的,古板的"
stale,"adj.陈腐的,缺乏新鲜感的"
stalemate,"n.僵局"
stalwart,"adj.坚定的,忠实的"
standstill,"n.停止,停顿"
staple,"adj.主要的,基本的 n.主要产品,主食"
starch,"n.淀粉"
statute,"n.法令,法规"
staunch,"adj.坚定的,忠诚的"
steadfast,"adj.坚定的,坚信的"
sterile,"adj.贫瘠的,不育的,无菌的,消毒的"
sterling,"adj.出色的,优异的"
stern,"adj.严厉的,苛刻的"
stigma,"n.耻辱"
stilted,"adj.浮夸的,虚伪的"
stingy,"adj.吝啬的,小气的"
stitch,"n.针脚,缝线 v.缝合"
stoic,"adj.坚忍的"
stonewall,"v.拖延,阻碍"
strait,"n.困境,窘境"
stratified,"adj.分阶层的,等级分化的"
stratocumulus,"n.层积云"
strew,"v.散播,布满"
strife,"n.冲突,争斗"
stump,"v.难倒,把...难住"
subconscious,"adj.潜意识的,下意识的"
subdue,"v.征服,制服,抑制,减轻"
subjugate,"v.征服,制伏"
submerge,"v.沉没,淹没"
subside,"v.下沉,减弱,平息"
subsidiary,"adj.次要的,附属的"
subsidize,"v.资助,支持"
subsist,"v.生存,维持,继续"
subterfuge,"n.诡计,伎俩"
succinct,"adj.简要的,简明的"
suffice,"v.足够,使满足"
suffocate,"v.窒息,扼杀"
sullen,"adj.阴郁的,闷闷不乐的"
sully,"v.玷污,弄脏"
sumptuous,"adj.奢华的,豪华的"
supercilious,"adj.傲慢的,自大的"
superfluous,"adj.多余的,过剩的,不必要的"
superintendent,"n.主管,监督"
supernatural,"adj.超自然的,不可思议的"
suppliant,"adj.恳求的,哀求的"
surfeit,"n.过量,过多"
surly,"adj.暴躁的,乖戾的"
surplus,"n.剩余,过剩"
surrealism,"n.超现实主义"
surreptitious,"adj.秘密的,鬼鬼祟祟的"
suspense,"n.悬念"
swarm,"n.(蜜蜂等昆虫的)一大群,一大窝"
swirl,"n.旋转 v.旋转,起旋涡"
sycophant,"n.阿谀奉承的人,马屁精"
synapse,"n.突触"
synopsis,"n.梗概,纲要"
tacit,"adj.缄默的,默认的,心照不宣"
taciturn,"adj.沉默寡言的"
tackle,"v.处理,解决"
tailor,"v.调整,量身打造"
taint,"v.玷污,败坏"
tame,"adj.驯服的 v.驯化,控制 adj.枯燥乏味的"
tarnish,"v.玷污"
tarpaulin,"n.帆布,防水布"
taunt,"v.讽刺,奚落"
tawdry,"adj.廉价的,俗气的"
taxing,"adj.费力的"
taxonomy,"n.分类学"
teem,"v.充满"
telling,"adj.显著的,强有力的"
temperament,"n.性情,秉性"
tempestuous,"adj.狂暴的,动荡不定的"
temptation,"n.诱惑,引诱"
tenable,"adj.站得住脚的,有道理的"
tenant,"n.房客,租户"
tepid,"adj.冷淡的,不热情的"
terminate,"v.终止,结束"
terminology,"n.术语"
terse,"adj.简短的,短促无礼的"
tertiary,"adj.第三的,第三级的"
testament,"n.证明,证据,遗嘱"
theology,"n.神学"
thorny,"adj.棘手的,复杂难懂的"
thrift,"n.节约,节俭"
timeworn,"adj.陈腐的"
timid,"adj.胆怯的"
timorous,"adj.胆怯的"
tinker,"v.乱修,乱调整"
tolerate,"v.容忍,忍受"
tonic,"adj.滋补的"
topography,"n.地貌,地形学"
torrid,"adj.酷热的,热情的"
totalitarian,"adj.极权主义的"
totemic,"adj.图腾的,标志的"
toxin,"n.毒素"
tractable,"adj.顺从的,易处理的"
trade-off,"n.交换"
trailblazer,"n.先驱"
transcribe,"v.抄写,誊写"
transgress,"v.违反"
transit,"v.通过 n.运输"
traumatic,"adj.创伤的,痛苦的"
travail,"v.辛勤努力的"
traverse,"v.穿过"
treacherous,"adj.背叛的"
trenchant,"adj.犀利的,尖刻的"
tribulation,"n.苦难,磨难"
tributary,"n.支流 adj.支流的,辅助的"
trickster,"n.骗子"
trio,"n.三重奏,三件套"
trite,"adj.陈腐的,老套的"
trope,"n.比喻"
troupe,"n.剧团"
truncate,"v.截短,删减"
tumble,"v.跌倒,下跌"
turgid,"adj.浮夸的"
turmoil,"n.混乱,动荡"
tyro,"n.初学者,菜鸟"
ubiquitous,"adj.无处不在的"
umbrage,"n.生气,愤懑"
unalloyed,"adj.纯粹的,不掺杂的"
unassailable,"adj.坚不可摧的,无懈可击的"
unassuming,"adj.低调的,谦逊的"
unattainable,"adj.无法实现的,不可达成的"
unbalanced,"adj.偏颇的,不公正的"
unblemished,"adj.无污点的,无瑕疵的,完好的"
unbounded,"adj.无限的,无穷尽的"
uncanny,"adj.奇异的,费解的"
unchecked,"adj.未被抑制的,未被阻止的"
underappreciated,"adj.低估的,未得到充分重视或评价的"
underplay,"v.贬低,对...轻描淡写"
underrate,"v.低估,看轻"
understate,"v.轻描淡写"
undiscriminating,"adj.无法辨别的"
undue,"adj.过度的"
uneasy,"adj.不安的"
unencumbered,"adj.不受妨碍的,无负担的"
unerring,"adj.一贯正确的,不出错误的"
unexampled,"adj.无前例的,绝无仅有的"
unexceptionable,"adj.无懈可击的,完美的"
unexceptional,"adj.普通的"
unfeeling,"adj.无情的"
unfettered,"adj.自由的,无拘无束的"
unflagging,"adj.不松懈的,持续的"
unflinching,"adj.不畏缩的,坚定的"
ungainly,"adj.笨拙的"
unimpeachable,"adj.无可指责的,无懈可击的"
univocal,"adj.含义明确的"
unkempt,"adj.不整洁的"
unleash,"v.释放"
unprepossessing,"adj.不吸引人的"
unpretentious,"adj.朴素低调的,不做作的"
unproven,"adj.未被验证的"
unremitting,"adj.持续的,不懈的"
unruly,"adj.难管控的,难以驾驭的"
unseemly,"adj.不得体的,不合适的"
unsettling,"adj.使人不安的"
unsurpassed,"adj.无与伦比的,卓越的"
untoward,"adj.不幸的,倒霉的"
unwavering,"adj.坚定不移的,不动摇的"
unwieldy,"adj.笨重的"
unyielding,"adj.顽强不屈的,坚定的"
upend,"v.颠倒"
upheaval,"n.动乱,剧变"
upright,"ad正直的,诚实的"
upshot,"n.结果"
upsurge,"n.急剧上升"
usurp,"v.篡夺,夺取"
utopia,"n.乌托邦,理想社会"
vacant,"adj.空的,空缺的"
vacillate,"v.摇摆,犹豫"
vacuous,"adj.空洞的"
vain,"adj.徒劳的,自负的"
vainglorious,"adj.非常自负的"
valediction,"n.告别,告别辞"
valiant,"adj.勇敢的"
validate,"v.证实"
valorize,"v.提升价值,赞扬"
vanquish,"v.击败,战胜"
vaporize,"v.蒸发,使消散"
variance,"n.差异,不同"
varnish,"v.粉饰,掩饰"
vascular,"adj.脉管的,血管的"
vault,"n.拱棚,储藏室 v.跳跃"
vaunt,"v.吹嘘"
veer,"v.改变方向,改变"
vehement,"adj.激烈的,狂暴的"
venal,"adj.唯利是图的,贪污腐败的"
vendor,"n.商贩,小贩"
vengeful,"adj.想报仇的,有报复心理的"
venom,"n.怨恨,恶意,毒液"
venue,"n.场所,地点"
veracity,"n.真实,诚实"
verisimilitude,"n.逼真"
vertigo,"n.头晕,眩晕"
vex,"v.烦扰,使恼火"
vicarious,"adj.取代的,代替的"
vicious,"adj.邪恶的,恶毒的"
victimize,"v.迫害,使受害,使受骗"
vilify,"v.诽谤,污蔑"
vindictive,"adj.报仇的,想报复的"
vintage,"adj.上好的,优质的 n.葡萄收获期"
virtuoso,"n.大师,专家 adj.技艺精湛的"
virtuous,"adj.道德高尚的"
virulent,"adj.恶毒的,充满敌意的"
viscous,"adj.粘性的,黏稠的"
vista,"n.景色,景观"
vitiate,"v.损害,削弱"
vitriolic,"adj.刻薄的,尖刻的"
vituperate,"v.责骂,谩骂"
vivacious,"adj.活泼的,快活的"
vociferous,"adj.大声的,喧嚷的"
vogue,"n.时尚,流行"
void,"adj.无效的,空的,没有的"
voluminous,"adj.大量的,庞大的"
vulgar,"adj.粗俗的,无教养的"
waffle,"v.胡扯,胡说"
waggish,"adj.诙谐的,滑稽的"
walnut,"n.核桃"
wanderlust,"n.漫游癖,旅行癖"
wanting,"adj.缺少的,未到达标准的,不合格的"
ward,"n.保卫"
warp,"v.扭曲,变形"
wasp,"n.黄蜂"
wastrel,"n.败家子,浪费者"
waver,"v.犹豫,动摇"
wean,"v.断奶,戒除"
weasel,"n.黄鼠狼"
well-defined,"adj.定义清晰的,明确的"
welter,"n.混乱,杂乱"
wherewithal,"n.必要设施,必要手段"
whet,"v.刺激,激发,磨快,磨光"
whilst,"conj.同时,然而"
wholehearted,"adj.全心全意的"
wholesale,"adj.大规模的,批发的"
wholesome,"adj.有益身心的,有益健康的"
wicked,"adj.邪恶的,恶毒的"
wide-ranging,"adj.范围广泛的"
wield,"v.掌控,运用,行使"
willful,"adj.故意的,固执任性的"
willy-nilly,"adv.随意地,胡乱地"
winnow,"v.筛选"
wistful,"adj.(因求而不得)伤感的,失意的"
wither,"v.枯萎,衰弱"
witty,"adj.诙谐的,机智的"
wondrous,"adj.奇异的,令人惊叹的"
wont,"adj.习惯于的,惯常的"
worldly,"adj.尘世的,世俗的,老于世故的"
worrisome,"adj.令人担忧的"
worship,"v.崇拜,敬仰"
wrest,"v.抢夺,攫取"
wretched,"adj.不幸的,可怜的,痛苦的,哀伤的"
wrongheaded,"adj.坚持错误的,执迷不悟的"
xenophobe,"n.仇恨或惧怕外国人的人"
yardstick,"n.衡量标准,准绳"
yarn,"n.纱,线"
yearn,"v.渴望,渴求"
yeast,"n.发酵剂,引发事件的因素"
zenith,"n.顶点,顶峰"
zigzag,"adj.曲折的,之字形的"
abbreviate,"v.缩写,缩减"
abdicate,"v.放弃(职位,权利等)"
abet,"v.支持,鼓励,协助,支持"
abide,"v.等待,停留"
abnegate,"v.否定,放弃"
abominate,"v.憎恶"
abrade,"v.磨损,使厌倦"
abrogate,"v.废除"
abscond,"v.逃走"
absolve,"v.免除责任,赦免罪行"
abstain,"v.戒除,抑制"
abstemious,"adj.有节制的"
abstinence,"n.节制,禁欲"
accession,"n.增加,就任,登基,正式加入"
acclimate,"v.适应"
accolade,"n.荣誉,称赞"
accost,"v.(唐突或带有威胁性地)搭讪"
accrete,"v.共生,逐渐增长"
acme,"n.顶峰,顶点"
acrid,"adj.辛辣的,刺鼻的,尖刻的"
abjourn,"v.将...延期"
adjure,"v.恳求,命令"
adroit,"adj.熟练的,聪明的"
adulterate,"v.掺假或掺加有低劣成分"
adumbrate,"v.隐隐预示,遮蔽"
adventitious,"adj.外来的,非内在的"
advert,"v.引起注意,提及"
affiliate,"v.隶属于,并入"
affix,"v.粘上,固定"
agglomerate,"v.聚集"
aggrieve,"v.使痛苦"
aghast,"adj.惊恐的"
agonize,"v.焦虑,感到痛苦"
airtight,"adj.密封的,无懈可击的"
alacrity,"n.乐意,敏捷"
alarmist,"n.危言耸听的人"
all-important,"adj.至关重要的"
allay,"v.减轻,缓解"
allegory,"n.寓言"
amble,"v.缓行,漫步"
amiable,"adj.和蔼可亲的,令人愉悦的"
amicable,"adj.友好的"
amiss,"adj.有错误的"
analgesia,"n.痛觉缺失"
anatomize,"v.解剖,详细分析"
anchor,"v.固定"
anesthetic,"adj.麻醉的,麻木的"
animus,"n.憎恶,仇视"
annex,"v.获得,吞并"
annul,"v.废除,取消"
ante,"n.赌注"
antecedent,"n.祖先 adj.从前的"
antedate,"v.先于"
antediluvian,"adj.陈旧的"
antiquarian,"n.古文物研究者 adj.古文物的,古董的"
ape,"n.猿 v.模仿"
aphorism,"n.格言,警句"
aplomb,"n.镇定,沉着"
apoplectic,"adj.勃然大怒的"
apposite,"adj.合适的,贴切的"
apprehend,"v.理解,逮捕,担心,忧虑"
apprise,"v.通知,告知"
aquifer,"n.蓄水层"
ardent,"adj.热烈的"
armory,"n.军械库,兵工厂"
aroma,"n.芳香"
ascendant,"adj.占主导地位的,上升的"
aseptic,"adj.无菌的"
askew,"adj.歪斜的"
aspirant,"n.有抱负的人,有野心的人"
asunder,"adv.成碎片地,四分五裂地"
atomize,"v.使分裂成原子,使粉碎"
atrocious,"adj.残暴的"
atrophy,"n.萎缩,衰退"
august,"adj.威严的"
aurora,"n.极光"
autocracy,"n.独裁统治,独裁政府"
backhanded,"adj.间接的,不真诚的"
backlash,"n.强烈反对"
backslide,"v.堕落,倒退"
bait,"v.引诱,激怒,折磨"
bale,"n.痛苦,悲哀"
banter,"v.打趣,开玩笑"
barricade,"v.阻碍,阻塞"
bash,"v.痛击,抨击"
beguile,"v.欺骗,使着迷"
beholden,"adj.受...恩惠的,欠...人情的"
belabor,"v.痛打,责骂,抨击,唠叨"
belittle,"v.贬低,轻视"
bellicose,"adj.好斗的,好争吵的"
benefactor,"n.恩人,赞助人,捐助者"
benighted,"adj.愚昧无知的"
beseech,"v.恳求"
besmirch,"v.玷污,污蔑"
betoken,"v.预示"
bifurcate,"v.分叉"
blackmail,"n.敲诈,胁迫 v.敲诈,胁迫"
blandish,"v.奉承,哄骗"
blatant,"adj.公然的,明目张胆的"
bleach,"v.使褪色,漂白"
blemish,"v.玷污 n.瑕疵"
blithe,"adj.快乐的,无忧无虑的,漫不经心的,欠考虑的,轻率的"
blob,"n.斑点"
blubber,"n.鲸脂肪,海洋动物脂肪"
bluster,"v.咆哮,威吓"
boggle,"v.使吃惊,使困惑,使难以理解,迟疑"
bogus,"adj.假的"
boisterous,"adj.喧闹的,活跃的,猛烈的,狂暴的"
bombard,"v.连珠炮般地质问或批评,大肆抨击"
bombast,"n.浮夸"
bonhomie,"n.和蔼"
boorish,"adj.粗鲁的"
bountiful,"adj.大量的"
braggart,"n.吹牛者"
brainchild,"n.主意,发明,创作成果"
brassy,"adj.厚颜无耻的"
bravado,"n.故作勇敢的,虚张声势"
brazen,"adj.厚颜无耻的,肆无忌惮的"
brink,"n.边缘"
bromide,"n.陈词滥调"
browbeat,"v.威逼,吓唬"
brusque,"adj.唐突的,无礼的"
buck,"v.抵制,反对"
bulge,"v.充满,鼓起,膨胀"
bumble,"v.笨手笨脚,跌跌撞撞"
bumptious,"adj.狂妄的,自以为是的"
bungle,"v.笨手笨脚地做,搞砸"
buoy,"n.浮标 v.鼓舞,鼓励,支持,提升"
buoyant,"adj.心情愉快的,繁荣的"
burglar,"n.盗贼"
burnish,"v.磨光,擦亮,改善(形象)"
bustle,"v.匆忙,忙碌 n.忙碌"
byline,"n.署名行"
cadge,"v.乞讨"
cagey,"adj.精明的,小心谨慎的"
cajole,"v.哄骗,劝诱"
calamity,"n.灾难"
calibrate,"v.校准,调整,使标准化,精确测量"
calligraphy,"n.书法"
callous,"adj.冷漠无情的"
canard,"n.谣传"
cane,"n.茎,杖"
cannibalize,"v.夺走,冲击(销量),拆用配件"
cantankerous,"adj.脾气差的,难相处的"
cantor,"n.领唱者"
careworn,"adj.焦虑的,疲惫憔悴的"
carnal,"adj.肉体的,肉欲的,尘世的,俗世的"
cast-iron,"adj.坚固的,顽强的,无懈可击的"
cataclysm,"n.灾难"
caterwaul,"v.尖叫,发出刺耳的叫声"
cathartic,"adj.宣泄的,发泄的"
cation,"n.阳离子"
cautionary,"adj.警世的,告诫的"
cavern,"n.大洞穴"
cavil,"v.吹毛求疵,挑剔"
celerity,"n.迅速,敏捷"
cement,"v.巩固,黏合"
cessation,"n.停止,终止"
chaff,"v.打趣,开玩笑"
chameleon,"n.变色龙"
chary,"adj.谨慎的"
chauvinism,"n.沙文主的,盲目爱国,本国至上"
cherubic,"adj.天真可爱的"
chide,"v.斥责"
choleric,"adj.易怒的,暴躁的"
chromatic,"adj.色彩的"
circumlocution,"n.委婉的表达,迂回的说法"
clairvoyant,"adj.有洞察力的"
clangorous,"adj.响亮的"
claustrophobia,"n.幽闭恐惧症"
clearheaded,"adj.头脑清晰的,清醒的"
clement,"adj.温和的,(对受惩罚的人)仁慈的,宽恕的"
climax,"n.巅峰,高潮"
cline,"n.渐变群"
clique,"n.小集团,小圈子"
clog,"v.堵塞,阻碍"
clout,"n.影响力,权力 v.重击"
coagulate,"v.凝固"
coddle,"v.溺爱"
coerce,"v.迫使,胁迫"
collegiality,"n.集体掌权"
collude,"v.共谋,勾结,串通"
colossal,"adj.巨大的"
colt,"n.无经验的人,新手"
coltish,"adj.无拘无束的"
comely,"adj.美丽的"
commence,"v.开始,着手"
commingle,"v.混合"
commiserate,"v.同情"
complaisance,"n.彬彬有礼,讨好,奉承"
compliant,"adj.服从的,符合的"
composed,"adj.镇静的,沉着的"
concatenate,"v.把...联系起来,连接"
conciliate,"v.平息,调解,抚慰"
concomitant,"adj.伴随的"
condescending,"adj.盛气凌人的,居高临下的"
condole,"v.哀悼"
confiscate,"v.没收"
congest,"v.拥挤"
connive,"v.共谋"
console,"v.安慰"
consonant,"adj.一致的,和谐的"
consort,"v.结交"
constellation,"n.星座,星群"
contemptible,"adj.可鄙的"
contour,"n.轮廓"
contravene,"v.违法,违背,触犯"
contrite,"adj.懊悔的"
contrive,"v.谋划,策划"
controvertible,"adj.可争论的"
contumacious,"adj.反抗的,顽固的"
convene,"v.聚集,召集"
convex,"adj.凸的"
convivial,"adj.欢乐的"
convoke,"v.召集...开会"
cornucopia,"n.丰富"
coronation,"n.加冕礼"
coruscate,"v.发光,闪烁"
cosset,"v.溺爱"
coterie,"n.小圈子,小集团"
counterforce,"n.反作用力,反对势力"
countermand,"v.撤销(命令)"
countervail,"v.抵消,补偿,对抗"
covert,"adj.隐蔽的,暗中的"
cowardice,"n.怯懦"
cower,"v.畏缩"
cozen,"v.哄骗,诱骗"
crank,"n.古怪的人"
craven,"adj.怯懦的"
crescendo,"n.渐强,顶点"
crestfallen,"adj.垂头丧气的,伤心失望的"
croon,"v.柔情地唱或说,低声哼唱"
crumple,"v.弄皱,崩溃,瘫倒"
crustacean,"n.甲壳钢动物"
crux,"n.关键"
cunning,"adj.灵巧的,狡猾的"
cupidity,"n.贪婪,贪心"
curator,"n.馆长,管理者"
curt,"adj.简略的,简短直接的"
dally,"v.浪费时间"
daredevil,"adj.鲁莽大胆的"
deaden,"v.削弱,缓和,降低"
deadpan,"adj.面无表情的,一脸严肃的"
debonair,"adj.温文尔雅的,风流倜傥的,无忧无虑的"
decrepit,"adj.破旧的,衰老的,年久未修的"
defame,"v.诽谤"
default,"v.不履行,违约 n.默认,系统设定"
defile,"v.弄脏,玷污,亵渎"
deflate,"v.泄气,挫败"
dejected,"adj.沮丧的,泄气的"
delude,"v.欺骗"
demagogue,"n.煽动者,蛊惑民心的政客"
demonize,"v.妖魔化"
denude,"v.使赤裸,剥光覆盖物,剥夺"
denunciation,"n.公开谴责,斥责"
depreciate,"v.轻视,贬低,贬值"
derogate,"v.贬低"
desecrate,"v.亵渎,玷污"
desiccate,"v.使干燥,使耗尽精力"
desolate,"adj.荒无人烟的,荒凉的,悲伤的,凄凉的"
despicable,"adj.可鄙的,卑鄙的"
despondent,"adj.沮丧的,失望的"
desultory,"adj.漫无目的的,无计划的"
detract,"v.减损,贬低"
devious,"adj.曲折的,迂回的,狡诈的,欺诈的"
devout,"adj.虔诚的,真诚的"
diaphanous,"adj.轻薄透明的"
diehard,"adj.顽固的,死板的"
dietician,"n.营养学家"
diffident,"adj.不自信,犹豫不决的,羞怯的"
dilapidate,"v.毁坏,腐朽"
dilatory,"adj.拖拉的,延误的"
din,"v.嘈杂,喧闹 n.喧嚣声,嘈杂声"
dirge,"n.挽歌,哀乐"
disabuse,"v.使醒悟,使纠正错误观点"
disarray,"n.混乱"
disavow,"v.否认,拒绝(承担责任)"
discomfit,"v.使窘迫"
discompose,"v.使不安,使心烦意乱"
discretionary,"adj.自由决定的,便宜行事的"
disgorge,"v.喷吐出,排出"
disinclination,"n.不情愿,不喜欢,厌恶"
disingenuous,"adj.不坦诚的,虚伪的"
disinter,"v.挖出,重新显露"
disown,"v.声明与...脱离关系"
dispatch,"v.快速派遣,快速发出 n.迅速"
dissemble,"v.掩盖,掩饰"
dissident,"n.异议者,持不同意见者"
dissolute,"adj.放荡的,道德沦丧的"
distain,"v.伤害...的名誉,贬损"
distend,"v.膨胀"
distraught,"adj.心烦意乱的,心急如焚的"
diurnal,"adj.白天活动的,每天的"
diverting,"adj.有趣的,娱乐的"
divisible,"adj.可分的,可除尽的"
docile,"adj.温顺的,驯服的,听话的"
dodge,"v.躲避"
dogged,"adj.顽强的,坚持不懈的"
doldrums,"n.忧郁,消沉,萧条"
dolorous,"adj.悲伤的"
douse,"v.浇灭,熄灭"
dovish,"adj.鸽派的,温和的"
downpour,"v.倾盆大雨"
dreary,"adj.枯燥乏味的,令人沮丧的"
drench,"v.浸湿,使湿透"
droll,"adj.滑稽古怪的,离奇可笑的"
drudgery,"n.苦差事,繁重无聊的工作"
ductile,"adj.可塑的,易受影响的"
duel,"n.决斗,对抗"
duplicitous,"adj.奸诈的,骗人的,两面派的"
ebb,"v.衰退,减弱 n.退潮"
ebullient,"adj.热情洋溢的,精力充沛的"
ecstasy,"n.狂喜,陶醉"
ecumenical,"adj.世界范围的,普遍的"
eddy,"n.漩涡 v.起漩涡,旋转"
eerie,"adj.怪异的,可怕的"
effulgent,"adj.光辉灿烂的"
egoistic,"adj.自我主义的"
egregious,"adj.极坏的,极糟的"
elapse,"v.(时间)消逝"
elate,"v.使兴奋"
elegy,"n.挽歌,哀歌"
elongate,"v.变长,拉长"
emaciate,"v.使消瘦,使衰弱"
emanate,"v.散发,发出"
embezzle,"v.贪污,挪用"
embolden,"v.鼓励,使有胆量"
emendation,"n.修订,校正"
emergent,"adj.新兴的,处于发展初期的,紧急的"
emollient,"adj.润肤的,护肤的,安慰性的,使缓和的"
empathetic,"adj.感同身受的"
enamor,"v.使迷恋,使倾心"
encapsulate,"v.概述,概括"
encomium,"n.高度赞扬的话,颂辞"
encyclopedic,"adj.百科全书的,全面的"
endotherm,"n.恒温动物"
enfeeble,"使无力,使衰弱"
engrossing,"adj.引人入胜的"
ennoble,"v.使高贵,使崇高"
ennui,"n.倦怠,厌倦"
entreat,"v.恳求,乞求"
entrust,"v.委托"
enunciate,"v.清楚地发音,阐明,清楚地表明"
envy,"n.羡慕,忌妒 v.羡慕,忌妒"
equable,"adj.稳定的"
equanimity,"n.镇定,平静,冷静"
equitable,"adj.公正的"
eulogize,"v.称赞"
euphemism,"n.委婉语,委婉说法"
euphonious,"adj.悦耳的"
euphoria,"n.狂喜,极度兴奋的情绪"
evacuate,"v.撤离,转移"
everlasting,"adj.永久的,永恒的"
evict,"v.驱逐,赶出"
eviscerate,"v.除去精华"
excoriate,"v.指责,痛斥"
excursive,"adj.离题的,散漫的"
execrate,"v.憎恶"
exempt,"v.免除,豁免 adj.豁免的,免除的"
exhale,"v.呼出,呼气"
exhaustive,"adj.全面的,彻底的"
exhort,"v.规劝,敦促"
exiguous,"adj.缺乏的,稀少的"
expatriate,"v.移居国外,流放,放逐 adj.侨居的"
expiate,"v.赎罪"
exponent,"n.指数,典型,拥护者,鼓吹者,倡导者"
expostulate,"v.反驳,劝诫,告诫"
expound,"v.阐述"
expunge,"v.除去"
extricate,"v.使脱离"
extrovert,"n.性格外向者,活泼自信的人"
exude,"v.流露,显露"
exult,"v.兴高采烈,欢欣鼓舞"
fabulous,"adj.难以置信的,极好的"
factious,"adj.派系的"
fad,"n.短暂的狂热"
falsehood,"n.虚假,说谎"
fanatic,"adj.狂热的"
far-reaching,"adj.影响深远的"
farce,"n.闹剧,滑稽剧"
faze,"v.打扰"
feisty,"adj.精力充沛的,好斗的"
felony,"n.重罪"
ferocious,"adj.凶猛的,残忍的"
fervid,"adj.热烈的,热情的"
fiasco,"n.惨败"
filibuster,"n.阻挠行动"
finale,"n.结局"
fitful,"adj.断断续续的"
fitting,"adj.适合的,恰当的 n.试衣,配件,附件"
fixate,"v.使固定,注视"
flask,"n.烧瓶"
fledgling,"n.刚会飞的小鸟,无经验的人"
fluffy,"adj.毛茸茸的,松软的"
foolproof,"adj.不会弄错的,万无一失的"
fretful,"adj.烦躁的"
friable,"adj.易碎的"
frosty,"adj.结霜的,寒冷的,冷淡的"
frothy,"adj.浅薄的,空洞的,多泡的"
fugitive,"adj.逃亡的"
fulminate,"v.强烈批评"
fumble,"v.笨拙地做"
fussy,"adj.挑剔的,易烦恼的"
gaffe,"n.失礼,失态"
gait,"n.步态"
gallant,"adj.英勇的,献殷勤的"
gaudy,"adj.花哨的"
gawky,"adj.笨拙的"
gibbon,"n.长臂猿"
gibe,"v.嘲笑"
glaze,"v.装玻璃,上釉于 n.釉料,釉"
glisten,"v.闪耀"
glossy,"adj.有光泽的"
glum,"adj.忧郁的"
glutinous,"adj.粘性的"
gourmand,"n.贪吃的人,贪食者"
gratuitous,"adj.无偿的,免费的,无理由的,无缘无故的"
grueling,"adj.使人疲劳的,折磨人的"
guardian,"n.守护人,保护人"
halo,"n.光环"
hangdog,"adj.悲伤的,沮丧的"
hearken,"v.留心听,给与关注"
heartrending,"adj.使人悲痛的,令人心碎的"
hedonism,"n.享乐主义"
herald,"v.预告,预示 n.预兆"
hideous,"adj.丑陋的,丑恶的,令人厌恶的"
hoary,"adj.灰白的,古老陈旧的"
homeostasis,"n.体内平衡"
horrific,"adj.及其可怕的"
hue,"n.颜色,色调"
hurtle,"v.猛冲"
hymn,"n.歌颂,赞美"
hypercritical,"adj.吹毛求疵的"
hypocrite,"n.伪君子,伪善者"
ideologue,"n.盲目拥护某种观念的人"
idolatrize,"v.盲目崇拜,奉为偶像"
illuminati,"n.智者"
imbibe,"v.饮酒,吸收,接受(想法或观点)"
imbroglio,"n.错综复杂的局面"
immaculate,"adj.洁净的,完美的,无瑕疵的"
immanent,"adj.内在的,固有的,无所不在的"
immolate,"v.牺牲"
impenitent,"adj.不后悔的,顽固的"
imperishable,"adj.不朽的,永存的"
implore,"v.恳求"
inane,"adj.空洞的,愚蠢的"
incandescent,"adj.白炽的,热烈的"
incarnate,"v.体现"
increment,"n.增加,增量"
incursion,"n.侵入"
indemnify,"v.补偿,赔偿"
indurate,"adj.变硬的,固执的,冷酷无情的 v.使变硬"
infatuate,"v.使迷恋"
infelicitous,"adj.不幸的,不适当的"
inferno,"n.地狱,大火"
infest,"v.大量滋生"
infraction,"n.违法"
iniquity,"n.不公平,邪恶"
injunction,"n.训诫,命令"
innermost,"adj.最里面的"
inroad,"n.进展"
insomnia,"n.失眠"
instate,"v.任命"
insurgent,"adj.叛乱的"
interlope,"v.侵犯,干涉"
interweave,"v.交织,混合"
intestine,"n.肠"
intrasexual,"adj.同性间的"
inundate,"v.淹没,泛滥"
inveigh,"v.痛斥,抨击"
inveigle,"v.引诱,诱骗"
inventory,"n.清单,总结"
ionic,"adj.离子的"
irresistible,"adj.无法抵抗的,不可抗拒的"
islet,"n.小岛"
isogenic,"adj.同基因的"
jealous,"adj.嫉妒的"
jingoist,"n.侵略主义者,沙文主义者"
jocular,"adj.滑稽幽默的,诙谐的"
jocund,"adj.欢乐的"
juggernaut,"n.不可抗拒的强大力量"
kaleidoscope,"n.千变万化"
labile,"adj.易变的,不稳定的"
lacerate,"v.伤害,使痛苦"
lachrymose,"adj.引人落泪的,悲伤的"
lave,"v.洗"
lavish,"adj.奢侈浪费的,丰富的"
lenient,"adj.仁慈的,宽大的"
ligament,"n.韧带"
lipid,"n.油脂,脂类"
lissome,"adj.柔软的,敏捷的,轻盈的"
listless,"adj.无精打采的,倦怠的"
litigate,"v.提出诉讼"
lode,"n.矿脉"
lousy,"adj.恶劣的,讨厌的"
lubricate,"v.使润滑,使顺畅"
luminary,"n.杰出人物,泰斗"
lush,"adj.茂盛的,豪华的"
lynch,"v.用私刑处死"
macerate,"v.浸泡,浸软"
machination,"n.阴谋,诡计"
macho,"adj.大男子主义的"
maculate,"v.弄污,使有污点"
maladroit,"adj.笨拙的"
malfunction,"v.发生故障"
malinger,"v.(为逃避工作)装病"
manacle,"v.限制,束缚"
maneuver,"v.(巧妙或有策略地)操作"
mangle,"v.损坏,扭曲"
masquerade,"v.伪装,掩饰,欺骗"
maternal,"adj.母系的,母亲的"
matriculate,"v.被录取入学"
medley,"n.混杂物"
meet,"adj.合适的,适当的"
memorandum,"n.备忘录"
menace,"v.威胁,危及"
mendacious,"adj.虚伪的,说谎的,不真实的"
messy,"adj.混乱肮脏的"
microorganism,"n.微生物"
minatory,"adj.威胁的"
mingle,"v.使混合"
mint,"n.铸币,铸币场 adj.崭新的"
mirage,"n.幻想"
mischievous,"adj.恶意的"
misgiving,"n.担忧,疑虑"
mishap,"n.不幸,灾祸"
mollycoddle,"v.溺爱,纵容"
monger,"n.商人,贩子"
monologue,"n.独白"
mordant,"adj.尖刻的"
mortify,"v.使受辱,使窘迫"
muffle,"v.减弱,抑制"
mulish,"adj.顽固的,倔强的"
mumble,"v.含糊地说"
mummify,"v.将...做成木乃伊"
narcissism,"n.自恋"
nautical,"adj.航海的"
nefarious,"adj.恶毒的,邪恶的"
nitpick,"v.吹毛求疵"
no-nonsense,"adj.讲究实际的,实用有效的"
nonentity,"n.无足轻重的人"
novella,"n.中篇小说"
nudge,"v.轻轻推动,劝说,鼓动"
oath,"n.宣誓,誓言"
odium,"n.憎恶"
odorous,"adj.有气味的,难闻的"
off-key,"adj.不和谐的,不协调的"
off-putting,"adj.令人厌恶的,惹人不快的"
offbeat,"adj.不寻常的,非传统的"
olfactory,"adj.嗅觉的"
oligarchy,"n.寡头政治"
ominous,"adj.不祥的"
omit,"v.省略,删节,遗漏"
one-stop,"adj.一站式的"
open-ended,"adj.开放式的"
oracle,"n.神谕,神示"
oust,"v.驱逐,罢黜"
outcrop,"n.露天矿石"
outlier,"n.异常值"
outmaneuver,"v.(以计谋)胜过"
overclaim,"v.过分要求"
oxide,"n.氧化物"
pacific,"adj.安静祥和的,温和的"
pageant,"n.壮观的游行,盛典"
palatial,"adj.富丽堂皇的"
pallid,"adj.平淡的,乏味的,苍白的"
pan,"v.严厉批评"
panorama,"n.全景"
peerless,"adj.无与伦比的,无可匹敌的"
peeve,"v.惹恼"
penitent,"adj.忏悔的"
penury,"n.贫困,贫穷"
perambulate,"v.漫步,闲逛"
peregrinate,"v.(尤指徒步)旅行"
peremptory,"adj.专横的,傲慢的,不容反对的"
perfervid,"ad热烈的"
perfidy,"n.背信弃义,背叛,不忠"
perpendicular,"adj.直立的,垂直的"
persiflage,"n.嘲弄,讥讽,取笑"
perspicacious,"adj.有洞察力的,敏锐的"
phony,"adj.假的,欺骗的 n.假冒者 冒充者"
pittance,"n.微博,少量(报酬或工资)"
planktonic,"adj.浮游的,浮游生意的"
platinum,"n.白金,铂"
platitude,"n.陈腐,平凡,陈词滥调"
pliant,"adj.柔韧的,易受影响的"
plumb,"v.探究,探索 adj.垂直的"
plume,"n.羽状水柱,羽状烟柱"
pluralist,"adj.多元化的,多元主义的"
plutocracy,"n.富豪统治,财阀统治"
poisonous,"adj.有毒的,有害的,恶毒的,令人厌恶的"
politic,"adj.精明的,有策略的"
polygamy,"n.多配偶制,一夫多妻制"
positron,"n.正电子,阳电子"
postnatal,"adj.出生后的"
predestine,"v.预先注定"
preoccupy,"v.使全神贯注,使入神"
preposterous,"adj.荒谬的"
preservative,"adj.有保存力的,防护的 n.防腐剂,保护剂"
prevaricate,"v.闪烁其词,搪塞"
primordial,"adj.原始的,最初的"
procrastinate,"v.拖延,耽搁"
procure,"v.设法获得"
profane,"v.亵渎,玷污"
"profit monger","n.商人,唯利是图的人"
profuse,"adj.大量的,丰富的"
proliferate,"v.激增"
prop,"n.道具"
prosecute,"v.起诉,控告"
proselytize,"v.使改变宗教信仰"
prostrate,"v.使削弱,使平躺"
protrude,"v.伸出,突出"
provident,"adj.有远见的,节俭的"
providential,"adj.幸运的,凑巧的"
prowl,"v.潜行"
prude,"n.过分正经的人,拘守礼教的人"
pulverize,"v.摧毁,彻底破坏"
purvey,"v.提供,供应"
purview,"n.权限,范围"
quaff,"v.痛饮,狂饮"
quail,"v.胆怯,畏缩"
quaver,"v.颤抖,发颤音"
quiver,"v.颤抖"
quotient,"n.(数学词汇)商,程度,系数"
rakish,"adj.放荡的,潇洒的"
rambunctious,"adj.喧闹的,难以控制的"
rankle,"v.激起怨恨,使人发怒"
rapprochement,"n.重归于好,和解"
ravel,"v.解开,使纠缠,使迷惑"
ravenous,"adj.贪婪的,饥饿的"
ravish,"v.掠夺,使着迷"
rebut,"v.反驳,驳斥"
recluse,"n.隐居者,隐士"
recuperate,"v.恢复(健康),挽回,重新获得"
redoubtable,"adj.令人敬畏的,可怕的"
rehearsal,"n.排练,演习"
rein,"v.管束,控制"
remiss,"adj.疏忽的,不负责任的"
remit,"v.汇款"
remonstrate,"v.抗议,反对"
repatriate,"v.遣返"
repentant,"adj.后悔的,悔改的"
repine,"v.抱怨,不满"
repose,"n.休息"
reprove,"v.责备,斥责"
repulsive,"adj.排斥的,令人厌恶的"
requite,"v.回报,报复,复仇"
resplendent,"adj.华丽的,灿烂的"
retentive,"adj.有保持力的,记忆力强的"
retrench,"v.缩减开支,消减费用"
retribution,"n.报应,惩罚"
rile,"v.激怒,使恼怒"
riot,"n.暴乱,骚乱,丰富多彩,品种繁多"
rubicund,"adj.红润的,健康的"
rumple,"v.弄皱,弄乱"
rustic,"adj.乡村的"
rustle,"v.沙沙作响,急忙,忙碌"
salutation,"n.招呼,致意"
sanitary,"adj.健康的,卫生的"
saturnine,"adj.阴郁的,乖戾的"
saunter,"v.闲逛"
sceptre,"n.权杖,王权"
seclude,"v.隔离"
sedate,"adj.镇静的,从容淡定的"
self-aggrandizing,"adj.自我夸大的"
self-defeating,"adj.事与愿违的,适得其反的"
self-perpetuating,"adj.自我维持的,永存的"
self-righteous,"adj.自以为是的,以正人君子自居的"
self-seeking,"adj.只顾自己的,追逐私利的"
septic,"adj.感染的,化脓腐败的"
serpentine,"adj.蜿蜒的,弯弯曲曲的"
servile,"adj.逢迎的,恭顺的"
shabby,"adj.破败的,破旧的"
shear,"v.剪断,剪除"
shiftless,"adj.懒惰的,没有志气的"
shipwreck,"n.沉船,失事船只 v.使(船)出事"
shopworn,"adj.陈旧的"
short-lived,"adj.短暂的"
showy,"adj.花哨的,显眼的,引人注目的"
shroud,"v.遮盖,掩盖 n.遮盖物"
singsong,"adj.有节奏的,有韵律的"
sinuous,"adj.蜿蜒的,弯弯曲曲的"
skimp,"v.节省"
skirmish,"n.小冲突,小争执"
skit,"n.滑稽短剧"
slander,"v.诽谤,诋毁"
slipshod,"adj.马虎的,草率的"
sloppy,"adj.马虎的,敷衍的"
slovenly,"adj.邋遢的,不修边幅的,马虎的,吊儿郎当的"
smelt,"v.熔炼"
snare,"n.陷阱,圈套"
snobbish,"adj.势利的"
solute,"n.溶解物"
sonar,"n.声呐"
sorority,"n.女生联谊会"
spawn,"v.产卵,导致,引起"
spendthrift,"adj.挥霍的,浪费的"
spherule,"n.小球体"
spine,"n.脊柱"
splice,"n.相接处,接头"
squalid,"adj.肮脏的,污秽的,卑劣的,丑恶的"
stalk,"n.茎"
stamina,"n.耐力,精力"
starvation,"n.饥饿,饿死"
stench,"n.恶臭"
stickler,"n.坚持...的人"
stiff,"adj.僵硬的,不灵活的,艰苦费力的"
stomach,"v.忍耐,忍受"
stout,"adj.肥胖的,结实的,顽强的,勇敢的"
straggle,"v.无序移动,蔓延"
stray,"v.漫步"
strut,"n.支撑,趾高气扬的步态"
stygian,"adj.阴森的,幽暗的"
sublime,"adj.崇高的,卓越的"
subliminal,"adj.潜意识的"
suffuse,"v.布满,遍布"
sulfide,"n.硫化物"
summon,"v.召集,召唤"
sunder,"v.分开,分离"
supine,"adj.懒散的,消极的,漠不关心的"
supplicate,"v.祈求,恳求"
surrogate,"n.代替,代理"
suture,"n.缝合处"
swindle,"v.诈骗,骗取"
sybarite,"n.贪图享乐的人"
synchronous,"adj.同步的,同时的"
synergic,"adj.协同的,合作的"
tableland,"n.高原,台地"
tactile,"adj.有触觉的,可感知的"
tangy,"adj.味道强烈的"
tardy,"adj.迟缓的,拖沓的"
teetotalism,"n.禁酒"
tendon,"n.肌腱"
terror,"n.惊恐,恐慌"
testify,"v.证明,证实"
testing,"adj.(问题或局面)难对付的,考验人的"
testy,"adj.急躁的,易怒的"
tether,"v.拴住,限制 n.限度,极限"
threadbare,"adj.陈旧乏味的,老套的"
toady,"n.马屁精"
topsy-turvy,"adj.混乱的"
torture,"n.折磨"
towering,"adj.卓越的,杰出的"
trammel,"v.阻碍,束缚"
transfigure,"v.美化"
translucent,"adj.半透明的"
trespass,"v.非法侵入,违反,冒犯"
truism,"n.自明之理,陈词滥调"
turbid,"adj.浑浊的"
tweak,"v.微调,稍稍改进"
tycoon,"n.巨头,大亨"
typo,"n.打印错误"
ulterior,"adj.另外的,别有用心的"
underline,"v.强调"
underpin,"v.巩固,支持"
unilateral,"adj.单方面的"
unravel,"v.解开,揭示"
untether,"v.释放,解脱"
urine,"n.尿"
venial,"adj.(罪过或错误等)轻微的,可原谅的"
verdant,"adj.郁郁葱葱的,长满翠绿植物的"
verve,"n.热情,活力"
vicissitude,"n.变迁,兴衰"
vie,"v.竞争,争夺"
vile,"adj.卑鄙的,邪恶的"
villainous,"adj.邪恶的,令人憎恶的"
viscid,"adj.粘性的"
volition,"n.决断力,自行决定"
voluptuous,"adj.骄奢淫逸的"
vouch,"v.保证,担保"
voyeur,"n.窥探隐私者,窥探者"
waive,"v.放弃"
wan,"adj.苍白的,病态的"
wax,"v.增多,加强,月盈,增大 n.蜡"
waylay,"v.伏击,拦截"
weighty,"adj.重要的,事关重大的"
wheedle,"v.哄骗,诱骗"
wily,"adj.诡计多端的,狡猾的"
wince,"v.畏缩"
windy,"adj.话多的,冗长的,多风的,风大的"
winsome,"adj.迷人的,有魅力的"
yen,"n.渴望,欲望"
zest,"n.热情,兴致"
zinc,"n.锌"
bewilderment,"n.困惑"
contankerous,"adj.脾气不好的"
cooperative,"adj.协同的"
correspondence,"n.通信"
crabby,"adj.爱发牢骚的"
efficient,"adj.高效的"
encore,"n.加演节目"
euphoric,"adj.心情愉悦的"
fanfare,"n.炫耀"
frolicsome,"adj.嬉闹的"
intricacy,"n.复杂的事情"
legitimate,"adj.合法的"
missive,"n.信件"
principle,"n.原则"
prohibition,"n.禁止"
salvo,"n.书面或口头攻击"
shatter,"v.击碎"
stimulation,"n.刺激"
strain,"v.尽量用力"
swamp,"n.沼泽地"
synergistic,"adj.协同作用的"
trove,"n.珍藏物"
commendation,"n.称赞"
consultation,"n.咨询"
active,"adj.活跃的"
flat,"adj.平坦的"
projection,"n.投影"
simplification,"n.简化"
distortion,"n.扭曲"
clarification,"n.净化"
warping,"n.扭曲"
publicize,"v.宣传"
unvaried,"adj.不变的"
insensitive,"adj.麻木的,漠不关心的"
unaffected,"adj.自然的,不矫揉造作的,不变的"
rigorously,"adv.严厉地,残酷地"
journalistic,"adj.新闻工作的"
lively,"adj.充满活力的,活泼的"
delightful,"adj.令人非常高兴的,讨喜的"
commentary,"n.评论,评注"
exhibit,"v.显示,展览"
minimize,"v.使减到最小,小看"
principal,"adj.主要的"
merchant,"n.商人"
landowner,"n.地主"
artistic,"adj.艺术的"
portrait,"n.肖像,画像"
avidness,"n.渴望,热心"
digust,"v.厌恶"
characterize,"v.描述人物的特征"
tyrannical,"adj.专横的"
irritable,"adj.易怒的"
quarrelsome,"adj.好争吵的"
mansion,"n.豪宅"
"designed suit","n.名牌"
hardship,"n.困难"
prosperity,"n.富有"
image,"n.幻象"
tranquility,"n.安宁"
immobility,"n.静止"
desirability,"n.值得做的事情"
complexity,"n.复杂"
stability,"n.稳定"
commemorate,"v.纪念"
fame,"n.流言"
marine,"adj.海的,海洋的"
dedicate,"v.致力,献身,题献"
approval,"n.赞成,批准,认可"
attribution,"n.归属"
fascinating,"adj.魅惑的"
rugged,"adj.粗糙的,崎岖的"
terrain,"n.地形,地面"
praise,"n.称赞,赞扬 v.称赞,赞扬"
inescapable,"adj.不可避免的"
unjust,"adj.不公平的"
tolerable,"adj.可以忍受的"
aerodynamic,"adj.空气动力学"
conventional,"adj.传统的"
prejudiced,"adj.怀偏见的,有成见的"
digress,"v.离题,跑题"
calcify,"v.僵化"
concession,"n.让步"
demurral,"n.异议,抗议,反对"
palliative,"n.缓解剂,缓解"
generous,"adj.慷慨的"
deprivation,"n.缺失"
complacence,"n.自满,沾沾自喜"
latency,"n.潜伏"
municipality,"n.自治市,自治区"
autonomous,"adj.独立的"
mayoral,"n.市长"
recommence,"v.重新开始"
beneath,"prep.在...之下"
permit,"v.符合"
generalization,"n.一般化,概括"
secrecy,"n.保密,秘密"
impulse,"n.脉冲,刺激"
satisfy,"v.使满意"
invite,"v.招致"
provoke,"v.引发"
soil,"n.土地"
freeze,"v.凝固"
parch,"v.烤,烘,烤干"
tropical,"adj.热带的"
desert,"n.沙漠"
bystander,"n.旁观者"
account,"n.描述,报道 v.解释,说明"
probable,"adj.可能的"
implausible,"adj.不合逻辑的"
inconsistent,"adj.矛盾的"
legislation,"n.立法"
bipartisanship,"n.两党合作"
sketch,"n.素描,略图,梗概"
vignette,"n.插图"
treatise,"n.专题论文"
vivid,"adj.生动的"
grouchy,"adj.不听话的"
race,"n.种族,人种"
fabrication,"n.编造的东西,谎言"
imitation,"n.纺织品"
replication,"n.复制"
juxtapose,"v.把东西并列"
govern,"v.控制"
exuberantly,"adv.愉快地"
jaded,"adj.疲惫的"
exultant,"adj.狂喜的"
discerning,"adj.有识别力的,有眼力的"
hesitation,"n.犹豫"
concealment,"n.隐藏"
potent,"adj.有效的,强有力的"
naturalistic,"adj.自然主义的"
competitive,"adj.竞争的,抑制的"
cooperating,"adj.互相促进的"
neutralizing,"adj.使无效的"
counteracting,"adj.抵消的"
ballyhooed,"n.大肆宣传"
suspect,"n.嫌疑犯 v.怀疑"
complusive,"adj.极有趣的,令人着迷的"
pensiveness,"adj.沉思的,忧郁的"
drollness,"n.幽默,诙谐"
stoicism,"n.恬淡寡欲"
fastidiousness,"n.严格,一丝不苟"
congeniality,"n.意气相投"
guarded,"adj.谨慎的"
pride,"v.骄傲 n.骄傲"
irritation,"n.刺激,激怒"
compulsive,"adj.极有趣的,令人着迷的,强迫性的"
utilitarianism,"n.功利主义"
parochialism,"n.偏狭,狭隘,狭隘主义"
historicism,"n.历史相对论,历史主义"
prose,"n.散文 adj.散文的"
flippancy,"n.无礼,轻率"
aimless,"adj.没有目标的,无目的的"
tendentiousness,"n.倾向性"
discursion,"n.漫谈离题,推论"
compliance,"n.服从,顺从,听从"
veiled,"adj.隐藏的,不清楚的"
occasionally,"adv.偶尔,间或"
cynicism,"n.讥笑,愤世嫉俗"
acquiescence,"n.默许"
intractability,"n.难驾驭,棘手"
veneration,"n.尊敬,崇拜"
detestation,"n.嫌恶,痛恨"
portray,"v.画像,描述"
strike,"v.罢工,打击"
fictionalize,"v.使小说化,变成小说"
decidedly,"adv.确实无疑地,坚决地"
critique,"n.批评 v.批评"
publicity,"n.公众的注意,众所周知,宣传"
thin,"v.使淡,稀释,adv.稀疏地"
radioactive,"adj.放射性的"
nuclear,"adj.原子能的,原子核的"
dispose,"v.处理,安置"
unmanageable,"adj.难管理的,难处理的"
troubling,"n.浑浊度"
span,"n.跨度,一段时间"
plasticity,"n.粘性,柔软性"
discontinuity,"n.断绝,不连续"
uncommonly,"adv.罕见地"
neglected,"adj.被忽视的"
comprehend,"v.理解,领会"
complicate,"v.使复杂化"
frank,"adj.坦白的,直率的,老实的"
acquainted,"adj.了解,知晓,熟悉"
revise,"v.修订,修改,复习"
inbreeding,"n.近亲交配"
crushing,"adj.决定性的"
insistence,"n.坚持"
stagnation,"n.停滞,不景气"
rigid,"adj.严格的,僵硬的,死板的"
committed,"adj.忠诚的,坚定的"
neutral,"adj.中立的,中性的 n.中立国,中立者"
satirize,"v.讽刺,讥讽"
moneyed,"adj.有钱的"
folk,"n.人们,民族 adj.民间的"
unsufferable,"adj.难以忍受的,难堪的"
whereby,"adv.借以 conj.凭借"
palpability,"n.可触知性,明白"
indiscriminate,"adj.不加区别的,不加选择的"
iconoclastic,"adj.偶像破坏的,打破旧习的"
controversy,"n.争论,论战"
popularity,"n.受欢迎,有声望"
sophistication,"n.复杂,诡辩"
dichotomous,"adj.分成两个的"
untenable,"adj.站不住脚的,不堪一击的,难以防守的"
unsustainable,"adj.不能证实的,不能成立的"
subversive,"adj.破坏性的,从事颠覆的 n.危险分子"
flawed,"adj.有缺陷的,有裂纹的"
evanescence,"n.逐渐消失,瞬息"
transience,"n.短暂"
deterioration,"n.恶化,变坏"
columnar,"adj.柱形的,桶形的"
paradoxical,"adj.事与愿违的,自相矛盾的"
ubiquity,"n.到处存在,普遍存在"
virtual,"adj.实质上的,虚拟的"
admire,"v.夸赞"
avocation,"n.消遣"
bereavement,"n.失去(亲朋)"
conformity,"n.一致"
conspiracy,"n.暗中共谋"
customization,"n.定制"
dexterousness,"n.灵巧"
divergence,"n.偏差"
embroil,"v.使卷入"
eventuality,"n.可能性"
idolize,"v.极端崇拜"
insolence,"n.傲慢无礼"
modesty,"n.谦逊"
muddled,"adj.混乱的"
obsession,"n.着魔"
revitalization,"n.复兴"
spontaneity,"n.自发性"
withstand,"v.经受住"
succinctness,"n.简洁,简明"
emptiness,"n.空虚,无意义"
intransigence,"n.不妥协,顽固"
plenitude,"n.充实,丰富"
abundance,"n.大量,充足"
charged,"adj.带电的,气氛紧张的"
indivisible,"adj.不能分割的,除不尽的"
guileless,"adj.单纯的"
intrusive,"adj.侵入的"
apparatus,"n.器具,仪器"
adroitly,"adv.敏捷地,熟练地"
deftness,"n.熟练,灵巧,敏捷"
synergy,"n.协同"
diverse,"adj.不同的,多种多样的"
obdurate,"adj.顽固的,执拗的"
transformative,"adj.变化的"
